id,text,label,source_url,language
2,己亥卜古貞有眾之十二月,kpt,https://inscription.asdc.sinica.edu.tw/c_index.php,chinese
4,貞不惟羌甲,kpt,https://inscription.asdc.sinica.edu.tw/c_index.php,chinese
6,翌癸丑侑祖辛四牛,kpt,https://inscription.asdc.sinica.edu.tw/c_index.php,chinese
10,隹（惟）□□□，月則呈（贏）絀（縮），不得丌（其）尚廾（常），春夏秋冬，又（有）□（亂）又（有）尚（常），日月星辰，亂羊（失）丌（其）行。呈（贏）絀（縮）羊（失）□，卉木亡（無）,kpt,https://inscription.asdc.sinica.edu.tw/c_index.php,chinese
11,尚（常），□□宎（妖）。天陀土（地）乍（作）羕（殃），天梪（將）乍（作）（傷），降于亓（其）方，山陵其發（廢），又（有）（渊）氒（？厥）日，是謂李。李歲□月，內（入）月,kpt,https://inscription.asdc.sinica.edu.tw/c_index.php,chinese
13,相弋（代），乃止（持）以為歲。是隹（惟）四寺（時）。倀（長）曰青□木旱（榦），二曰朱□單，三曰□黃難，四曰□墨木旱（榦）。千又（有）百歲，日月,kpt,inscription.asdc.sinica.edu.tw/c_index.php,chinese
16,曰故（古）又（有）熊雨（雹）（戲），出自耑（顓）雨走（頊），凥（處）于颻□（澤）。氒田弓魚（漁）弓魚（漁），□□□女，夢夢墨墨，亡章弼弼，□每□□，風雨是於（遏）。乃娶,kpt,https://inscription.asdc.sinica.edu.tw/c_index.php,chinese
17,宋公戌之言哥（歌）鐘。,kpt,https://inscription.asdc.sinica.edu.tw/c_index.php,chinese
18,卯田（留）為弔（叔）素虎禾（龢）鐘。,kpt,https://inscription.asdc.sinica.edu.tw/c_index.php,chinese
19,麋侯自乍（作）龢鐘用。,kpt,https://inscription.asdc.sinica.edu.tw/c_index.php,chinese
20,中義乍（作）龢鐘，其萬年永寶。,kpt,https://inscription.asdc.sinica.edu.tw/c_index.php,chinese
21,隹（唯）十又六年九月初吉庚寅，王才（在）周康剌宮，王乎（呼）士曶召克，王親令克遹涇東至于京（師），易（賜）克甸車、馬乘《文接00207》,kpt,https://inscription.asdc.sinica.edu.tw/c_index.php,chinese
22,隹（唯）正月初吉丁亥，余（徐）王庚之弔心（淑）子沇兒睪廾（擇）其吉金，自乍（作）龢鐘，中（終）倝（翰）又（且）昜（揚）,kpt,https://inscription.asdc.sinica.edu.tw/c_index.php,chinese
24,五行︰身心（仁）型（形）於內胃（謂）之惪（德）之行，不型（形）於內胃（謂）之行。義型（形）於內胃（謂）之惪（德）之,kpt,https://inscription.asdc.sinica.edu.tw/c_index.php,chinese
25,「〔瞻望弗及（及）〕，水眔（泣）涕女（如）雨」。能尾少（差）沱（池）亓（其）羽于（羽），肰（然）句（後）能至哀。君子言斤心（慎）亓（其）,kpt,https://inscription.asdc.sinica.edu.tw/c_index.php,chinese
26,不柬（簡），不柬（簡）不行，不行不義。不見袁（遠）不敬，不敬不嚴，不嚴不尊（尊），不尊（尊）不共（恭），不共（恭）亡豊（禮）。未尚（嘗）,kpt,https://inscription.asdc.sinica.edu.tw/c_index.php,chinese
29,〔王才（在）上，於昭〕于而〈天〉。」此之胃（謂）也。見而智（知）之，智也。智（知）而安之，身心（仁）也。安,kpt,https://inscription.asdc.sinica.edu.tw/c_index.php,chinese
30,辯）肰（然）而正行之，植（直）也。植（直）而述（遂）之，（肆）也。（肆）而不畏彊力（強）語（禦），果也。不,kpt,https://inscription.asdc.sinica.edu.tw/c_index.php,chinese
31,於道。又（有）大辠（罪）而大豆戈（誅）之，東〈柬（簡）〉也。又（有）少（小）辠（罪）而亦（赦）之，匿也。又（有）大辠（罪）而弗大,kpt,https://inscription.asdc.sinica.edu.tw/c_index.php,chinese
32,癸未卜今日雨,kpt,https://inscription.asdc.sinica.edu.tw/c_index.php,chinese
36,子貞Ｔ１于父丁大牢丁丑　茲用,kpt,https://inscription.asdc.sinica.edu.tw/c_index.php,chinese
38,虢季乍（作）寶鼎，季氏其萬年子子孫孫永寶用（享）。,kpt,https://inscription.asdc.sinica.edu.tw/c_index.php,chinese
39,虢季乍（作）寶（簋），永寶用。,kpt,https://inscription.asdc.sinica.edu.tw/c_index.php,chinese
40,甲子允有來自東無于薛,kpt,https://inscription.asdc.sinica.edu.tw/c_index.php,chinese
42,貞冊口祖乙,kpt,inscription.asdc.sinica.edu.tw/c_index.php,chinese
43,貞小子有Ｇ０１６,kpt,https://inscription.asdc.sinica.edu.tw/c_index.php,chinese
45,貞惟父乙王,kpt,https://inscription.asdc.sinica.edu.tw/c_index.php,chinese
46,女（如）以行，必亡貝（亡）□又□。,kpt,https://inscription.asdc.sinica.edu.tw/c_index.php,chinese
49,田火（爨）月辛酉之日，（滕）敓之米邑人走仿登（鄧）成訟走仿郘出月以其敓泉汸與爾澤之古（故）。正義牢、坷。,kpt,https://inscription.asdc.sinica.edu.tw/c_index.php,chinese
50,上新都人蔡（蔡）首羌訟新都南陵大宰首、右司寇正、陳土（陳）得、正卜日又（史）赤，以其為其山兄（兄）蔡（蔡）暴（斷），不灋（法）。旦佗，力可為李。既訽爿酉須逾，幸丮女（執）。,kpt,https://inscription.asdc.sinica.edu.tw/c_index.php,chinese
51,《說文》：“一，惟初太始，道立於一，造分天地，化成萬物。弌，古文一。”,kde,https://xiaoxue.iis.sinica.edu.tw/yanbian?kaiOrder=1,chinese
54,徐鉉曰：“今俗以此為艸木之艸，別作皁字為黑色之皁。案：櫟實可以染帛為黑色，故曰草。通用為草棧字。今俗書皁或从白从十，或从白从匕，皆無意義，無以下筆。”,kde,https://xiaoxue.iis.sinica.edu.tw/yanbian?kaiOrder=1,chinese
55,《說文》：“甄，匋也。从瓦，垔聲。”,kde,https://xiaoxue.iis.sinica.edu.tw/yanbian?kaiOrder=1,chinese
56,《說文》：“，材緊也。从女，瞏聲。《春秋傳》曰：‘ 在疚。’”,kde,https://xiaoxue.iis.sinica.edu.tw/yanbian?kaiOrder=1,chinese
57,《正字通．女部》：“嬛，本作𡣱。”,kde,https://xiaoxue.iis.sinica.edu.tw/yanbian?kaiOrder=1,chinese
58,《說文》：“眉，目上毛也。从目，象眉之形，上象頟理也。”,kde,https://xiaoxue.iis.sinica.edu.tw/yanbian?kaiOrder=1,chinese
59,孔廣居疑疑：“（古文）下象目，上象毛，小篆即古文之小變，非象頟理也。”,kde,https://xiaoxue.iis.sinica.edu.tw/yanbian?kaiOrder=1,chinese
60,《說文》：“安，靜也。从女在宀下。”,kde,https://xiaoxue.iis.sinica.edu.tw/yanbian?kaiOrder=1,chinese
61,段玉裁改“靜”作“竫”，注：“此與寍同意。”徐鍇繫傳：“安，止也。從女在宀中。”按：安居、安寧當為安本義。字或從厂。,kde,https://xiaoxue.iis.sinica.edu.tw/yanbian?kaiOrder=1,chinese
62,羅振玉《增訂殷虛書契考釋》：“此字象人梯而升高，一足在地，一足已階而升。”,kde,https://xiaoxue.iis.sinica.edu.tw/yanbian?kaiOrder=1,chinese
63,徐鉉等注：“屋與谷皆所以盛受也。”徐鍇繫傳作“从宀，谷聲。”,kde,https://xiaoxue.iis.sinica.edu.tw/yanbian?kaiOrder=1,chinese
64,容庚《金文編》：“年，从禾，从人，人亦聲。《說文》非。”于省吾《甲骨文字釋林》：“年乃就一切穀類全年的成熟而言。”按：甲骨文“年”字意為稔熟，金文始用作年歲字。,kde,https://xiaoxue.iis.sinica.edu.tw/yanbian?kaiOrder=1,chinese
66,孔廣居疑疑：“象樓臺層疊形，象上屋，冂象下屋，口象上下層之戶牖也。”,kde,https://xiaoxue.iis.sinica.edu.tw/yanbian?kaiOrder=1,chinese
67,《漢語大字典》按：“甲、金文十二支第一位之｀子’和第六位之｀巳’、｀子某’之｀子’分用不混。前者與《說文》籀文形近，像小兒頭上有髮及兩脛之形；後者與小篆形近，上像幼兒頭及兩臂，下像兩足並入襁褓中。或以為二者是一字異體。｀子’之本義當是｀幼兒’，象形。借為干支字。＂,kde,https://xiaoxue.iis.sinica.edu.tw/yanbian?kaiOrder=1,chinese
68,《說文》：“旭，日旦出皃。从日，九聲。若勖。一曰明也。”,kde,https://xiaoxue.iis.sinica.edu.tw/yanbian?kaiOrder=1,chinese
69,邵瑛羣經正字：“今經典作昊，从日从天”，“《九經字樣》以為隷省，其實乃俗儒不識夰字，筆法相近，變為天也。”,kde,https://xiaoxue.iis.sinica.edu.tw/yanbian?kaiOrder=1,chinese
70,《說文》：“王，天下所歸往也。董仲舒曰：‘古之造文者，三畫而連其中謂之王。三者，天、地、人也；而參通之者，王也。’孔子曰：‘一貫三為王。’，古文王。”,kde,https://xiaoxue.iis.sinica.edu.tw/yanbian?kaiOrder=1,chinese
73,《說文》：“浩，澆也。从水，告聲。《虞書》曰：‘洪水浩浩。’”,kde,https://xiaoxue.iis.sinica.edu.tw/yanbian?kaiOrder=1,chinese
75,《說文》：“方，併船也。象兩舟省緫頭形。汸，方或从水。”,kde,https://xiaoxue.iis.sinica.edu.tw/yanbian?kaiOrder=1,chinese
76,《說文》：“填，塞也。从土，真聲。”,kde,https://xiaoxue.iis.sinica.edu.tw/yanbian?kaiOrder=1,chinese
77,段玉裁注：“《周禮．籩人記》、《曲禮．內則》、《左傳》、《毛詩》字皆作榛。”,kde,https://xiaoxue.iis.sinica.edu.tw/yanbian?kaiOrder=1,chinese
78,《說文》：“，亡也，从亡無聲；无，奇字无，通於元者，王育說：‘天屈西北為无。’”,kde,https://xiaoxue.iis.sinica.edu.tw/yanbian?kaiOrder=1,chinese
79,林義光《文源》：“按：有非‘不宜有’之義。有，持有也。古从又持肉，不从月。”,kde,https://xiaoxue.iis.sinica.edu.tw/yanbian?kaiOrder=1,chinese
81,《說文》：“秦，伯益之後所封國，地宜禾。从禾，舂省。一曰秦，禾名。，籀文秦从秝。”,kde,https://xiaoxue.iis.sinica.edu.tw/yanbian?kaiOrder=1,chinese
82,徐鍇繫傳：“舂禾為秦，會意字也。”,kde,https://xiaoxue.iis.sinica.edu.tw/yanbian?kaiOrder=1,chinese
84,《說文》：“楚，叢木。一名荊也。从林，疋聲。”,kde,https://xiaoxue.iis.sinica.edu.tw/yanbian?kaiOrder=1,chinese
85,《說文》：“周，密也。从用、口。，古文周字从古文及。”,kde,https://xiaoxue.iis.sinica.edu.tw/yanbian?kaiOrder=1,chinese
86,《漢語大字典》按：“古文字三用三橫畫表示，是原始記數符號。＂,kde,https://xiaoxue.iis.sinica.edu.tw/yanbian?kaiOrder=1,chinese
87,《說文》：“宇，屋邊也。从宀，于聲。《易》曰：‘上棟下宇’。，籀文宇从禹。”,kde,https://xiaoxue.iis.sinica.edu.tw/yanbian?kaiOrder=1,chinese
89,徐鍇繫傳：“此本象鳥棲也。”商承祚《殷墟文字類編》：“今諸文正象鳥巢狀。”,kde,https://xiaoxue.iis.sinica.edu.tw/yanbian?kaiOrder=1,chinese
90,《漢語大字典》按：“男，從力、田，力字即像耒形。＂,kde,https://xiaoxue.iis.sinica.edu.tw/yanbian?kaiOrder=1,chinese
91,李孝定《甲骨文字集釋》：“栔文从目，外象面部匡廓之形，蓋面部五官中最足引人注意的者莫過於目，故面字从之也。篆文从𦣻，則从口無義可說，乃从目之譌。”,kde,https://xiaoxue.iis.sinica.edu.tw/yanbian?kaiOrder=1,chinese
93,徐灝注箋：“象指、掌之形。小篆中畫微曲，書勢取茂美也。”,kde,https://xiaoxue.iis.sinica.edu.tw/yanbian?kaiOrder=1,chinese
94,徐鍇繫傳：“囗象股脛之形。”楊樹達《積微居小學述林》：“股、脛、蹠、跟全部為足，足从囗者，象股脛周圍之形。人體股脛在上，跟蹠在下，依人所視，象股脛之囗當在上層，象蹠跟之止當在下層。然文字之象形，但有平面，無立體，故止能以囗上止下表之也。”,kde,https://xiaoxue.iis.sinica.edu.tw/yanbian?kaiOrder=1,chinese
95,《漢語大字典》按：“王筠句讀以為｀从𦫳’二字，乃後人增補，云：｀先有羊而後有𦫳，羊字不可從𦫳也。’”容庚《金文編》卷四：“羊，象羊首形。＂,kde,https://xiaoxue.iis.sinica.edu.tw/yanbian?kaiOrder=1,chinese
96,徐灝注箋：“古文、鐘鼎文象上下弦之形，日象圜形，故月象其闕也。小篆相承取字形茂美耳。”,kde,https://xiaoxue.iis.sinica.edu.tw/yanbian?kaiOrder=1,chinese
97,《說文》：“靁，陰陽薄動，靁雨生物者也，从雨，畾象回轉形。，古文靁。，古文靁。，籀文，靁間有回，回，靁聲也。”,kde,https://xiaoxue.iis.sinica.edu.tw/yanbian?kaiOrder=1,chinese
98,桂馥義證：“就高也者，《孟子》：‘為高必因邱陵。’《九經字樣》：‘京，人所居高丘也。’就字从之。馥按：此言人就高以居也。”,kde,https://xiaoxue.iis.sinica.edu.tw/yanbian?kaiOrder=1,chinese
100,林義光《文源》：“八、分双聲對轉，實本同字。”高鴻縉《中國字例》：“八之本意為分，取假象分背之形，指事字……後世借用為數目八九之八，久而不返，乃如刀為意符作分。”,kde,https://xiaoxue.iis.sinica.edu.tw/yanbian?kaiOrder=1,chinese
104,金文中賞賜鉞，見於師克盨（《集成》04467、04468）和虢季子白盤（《集成》10173），師克是掌管左右虎臣的軍事長官，虢季子白參與了對獫狁的作戰並大獲勝利。,ksd,https://www.fdgwz.org.cn/Web/Show/13353,chinese
105,“屎”，李家浩先生曾對相關之字做過考釋[56]，即金文中“”、“”等字的異體。金文中“”、“”、“”、“”常表示訓“繼”之“纘/纂”[57]，鎛銘“屎”亦讀爲訓“繼”之“纘/纂”。,ksd,https://www.fdgwz.org.cn/Web/Show/13353,chinese
106,焂戒鼎（《銘圖》02279）“”作“”，人形下從兩小點。它們與一般的“”字人形、隹形間作一個小點或小竪筆有別，應看作“”的變體。,ksd,https://www.fdgwz.org.cn/Web/Show/13353,chinese
107,近年來，山西省黎城縣西關村周代墓葬中有出土了多件楷（黎）國的銅器，爲春秋時黎國的研究提供了很好的資料。,ksd,https://www.fdgwz.org.cn/Web/Show/13353,chinese
108,學者們對獫狁的族屬、方位以及它所涉戰爭的時間、地點等問題的研究由來已久,ksd,https://www.fdgwz.org.cn/Web/Show/13353,chinese
109,岹山，山名，當是此次與獫狁作戰的地點，待考,ksd,https://www.fdgwz.org.cn/Web/Show/13353,chinese
110,陽，指山南之陽，與前文用作“曩”的“陽”不同。,ksd,https://www.fdgwz.org.cn/Web/Show/13353,chinese
112,後來看到郭永秉先生主張“倝”字應讀為“旱”[4]，聲韻密合，長久以來我都相信郭先生的意見。,ksd,https://www.fdgwz.org.cn/Web/Show/13350,chinese
113,蘇建洲先生已經指出，整理者所隸定的“”，應釋為“倝”，並將“倝”讀為“爰”。[2],ksd,https://www.fdgwz.org.cn/Web/Show/13350,chinese
114,復旦讀書會認為此字似是“葉”之訛變。,ksd,https://www.fdgwz.org.cn/Web/Show/13350,chinese
115,綜上所述，我們將《李頌》重新釋寫於下：,ksd,https://www.fdgwz.org.cn/Web/Show/13350,chinese
118,案《李頌》的“喿”作：，與常見的楚文字樹葉之“葉”字作 ，並不相近，只有侯馬盟書中委質類（編號185·7）名“枼”的人名作：,ksd,https://www.fdgwz.org.cn/Web/Show/13350,chinese
121,将其解释为熟睡、睡着之义，文从字顺。其下文的“梦之”也可以证明“卧出”的具体含义，且“梦之”可与“与人战斲（斗）”句读在一起，整句即：“卧出，梦之与人战斲（斗）”。,ksd,https://www.fdgwz.org.cn/Web/Show/13369,chinese
122,但是李豪先生将其与佛家的解释联系起来，似未得“卧出”之“出”的语义由来和真正含义。,ksd,https://www.fdgwz.org.cn/Web/Show/13369,chinese
123,如果断读为“安等卧，出”就会让人理解为安等人已经卧躺睡觉，然后又突然出去了，为何又出去？,ksd,https://www.fdgwz.org.cn/Web/Show/13369,chinese
125,由此可见整理者的句读及理解有误。“卧”“出”应该被句读在一起，表示熟睡之义。,ksd,https://www.fdgwz.org.cn/Web/Show/13369,chinese
126,明代朱橚《普济方·卷二百三十五劳瘵门》曰：“其为状也，发干而耸，或聚或散，或腹中有块，或脑后两边有小结，多者乃至五六，或卧出盗汗，梦与鬼交，虽目视分明，而四肢无力，上气食少，渐就沉羸”。,ksd,https://www.fdgwz.org.cn/Web/Show/13369,chinese
127,此方是治疗结核病的药方，其中“或卧出盗汗，梦与鬼交”一句与上论北京大学藏秦简内容可互参。,ksd,https://www.fdgwz.org.cn/Web/Show/13369,chinese
128,其中在“有顷，安等皆卧，出。伐刑杀安等，置赤衣死（尸）所，盗取衣器，去买（卖）行道者所”一段内容里，整理者将“卧”和“出”单独句读，且缺释。陶安先生的释文注释亦如此，且将此处翻译为“不久，安等都躺下睡了，我（就）出来了”。,ksd,https://www.fdgwz.org.cn/Web/Show/13369,chinese
129,同时引唐代湛然的解释，认为“出”是一种入睡的状态，并认为“卧出”最初是联动结构，词汇化后可看作述补结构。,ksd,https://www.fdgwz.org.cn/Web/Show/13369,chinese
130,我们认为李豪先生的改释正确可从。,ksd,https://www.fdgwz.org.cn/Web/Show/13369,chinese
131,上述諸字在形體特征上有明顯的相似之處，一些字上部從“厤”，“厂”形又可作“石”形（D1）或“石”省形（E1），“秝”形則也可以作“兼”形。,ksd,https://www.fdgwz.org.cn/Web/Show/13365,chinese
133,一些學者認為是該部件從“𠪊/廉”省變而來，[7]另一些學者則認為其可以和西周金文中常見“蔑𤯍”之“𤯍”聯繫起來。,ksd,https://www.fdgwz.org.cn/Web/Show/13365,chinese
134,整理者將辭例（1）中的該字讀為“厤”，訓爲“治”；至於辭例（2）中的“𡐰”字，整理者在注釋中言其“从厤聲，讀爲‘益’，訓爲增添”。,ksd,https://www.fdgwz.org.cn/Web/Show/13365,chinese
135,劉剛先生將兩處“𡐰”皆讀為“歉”，辭例（1）可改讀為“老弱饉歉者”，“饉歉”和“飢饉”類似,ksd,https://www.fdgwz.org.cn/Web/Show/13365,chinese
137,陳斯鵬先生也是從金文“蔑𤯍”問題入手，將這兩例“𡐰”讀為“勞”，“勤勞”、“增勞”也都很自然。,ksd,https://www.fdgwz.org.cn/Web/Show/13365,chinese
139,由此看來，對於《越公其事》中的“𡐰”字，各方讀法皆有令人不滿意的地方，尚需研究。,ksd,https://www.fdgwz.org.cn/Web/Show/13365,chinese
140,綜上，清華簡《越公其事》中“𡐰”皆以讀“歉”說更佳。,ksd,https://www.fdgwz.org.cn/Web/Show/13365,chinese
141,銘文内容與《銘圖》01894同，器形相近，僅鼎腹紋飾不同。《銘四》0140未記錄出土信息，不知是否爲科學發掘所得,ksd,https://www.fdgwz.org.cn/Web/Show/13360,chinese
142,與《銘三》0164重出。《銘三》所記錄出土信息有誤，當以《銘四》爲是。,ksd,https://www.fdgwz.org.cn/Web/Show/13360,chinese
143,《銘四》釋文“曾子□□吉金”，認爲第一列下部可補兩字。,ksd,https://www.fdgwz.org.cn/Web/Show/13360,chinese
145,第一列最下部應還有一字，爲“吉金”之謂語動詞（用、擇一類），故“曾子”之後當缺三字。,ksd,https://www.fdgwz.org.cn/Web/Show/13360,chinese
146,“五”前一字作“IMG_256”，似是“鼎”字，“作+器物+數量”金文常見。,ksd,https://www.fdgwz.org.cn/Web/Show/13360,chinese
147,與《銘三》0283重出。,ksd,https://www.fdgwz.org.cn/Web/Show/13360,chinese
148,由此推估，“中”或可讀爲“仲舅”[9]，即今日所謂“二舅”。,ksd,https://www.fdgwz.org.cn/Web/Show/13360,chinese
149,若爲同一器，可據《銘圖》03025補出銘文末尾族氏銘文“IMG_256”。,ksd,https://www.fdgwz.org.cn/Web/Show/13360,chinese
150,所謂“弘”字作“IMG_256”，應改釋爲“引”，故該器應稱爲“引甗”。,ksd,https://www.fdgwz.org.cn/Web/Show/13360,chinese
151,復旦大學出土文獻與古文字研究中心通訊（2025年）,noise,https://www.fdgwz.org.cn/,chinese
152,中心網站2026年第一季度論文打包,noise,https://www.fdgwz.org.cn/,chinese
153,我中心兩項成果入選國家語委“黨的十八大以來語言文字事業改革發展成就”,noise,https://www.fdgwz.org.cn/Web/List/1,chinese
155,郭永秉教授入選2015年度上海市“曙光計劃”項目,noise,https://www.fdgwz.org.cn/Web/List/1?page=2,chinese
157,2010年度國家社科基金重大招標項目《馬王堆漢墓簡帛字詞全編》開題,noise,https://www.fdgwz.org.cn/Web/List/1?page=3,chinese
159,田炜博士“西周金文字词关系研究”获国家社科基金青年项目资助,noise,https://www.fdgwz.org.cn/Web/List/1?page=4,chinese
160,《长沙马王堆汉墓简帛集成》编纂出版合作协议签字仪式在复旦大学举行,noise,vhttps://www.fdgwz.org.cn/Web/List/1?page=5,chinese
161,本信息庫包括《甲骨文合集》出版以來學界眾多學者的甲骨綴合成果信息，涵蓋公開出版物、學術網站等多個信息來源。目前庫內共有6600餘條綴合信息，並將持續更新。,noise,https://www.fdgwz.org.cn/ZhuiHeLab/Home,chinese
162,本庫亦支持模糊檢索，即在片號位數相合時，無需輸入著録簡稱也能查得相應綴合信息，模糊檢索結果較多時，檢索頁面僅顯示50條信息，我們會在底部注明檢索結果的總數。,noise,https://www.fdgwz.org.cn/ZhuiHeLab/Home,chinese
163,綴合情況：以“+”表示綴合，“—”表示遙綴，較複雜的綴合會在備注欄說明。用括號適當標注甲骨的不同來源信息。用“〖正〗”“〖反〗”表示甲骨正反兩面的信息。用“（）”“〔〕”“【】”等符號體現綴合信息的層次。,noise,https://www.fdgwz.org.cn/ZhuiHeLab/Home,chinese
164,綴合信息來源網站主要是先秦史研究室網站（www.xianqin.org），涉及發表在該網站的綴合，即直接提供對應的網址，數據由中心甲骨讀書會（張昂、楊熠、黃博、程名卉）整理。相關數據若存在版權問題，請及時與我們聯繫。,noise,https://www.fdgwz.org.cn/ZhuiHeLab/Home,chinese
165,①綴合者（作者）的重要意見；②學者對於該綴合的重要意見，如實物驗證結果，綴合是否成立等；③學術網站中網友的重要留言，以“網友‘某某’留言”的形式體現,noise,https://www.fdgwz.org.cn/ZhuiHeLab/Home,chinese
166,我們後續將對《甲骨文合集》出版前的學界綴合成果加以整理，以完善本信息庫，待數據較爲完備時即編製以“著録專書”“綴合學者”等爲主題的分庫，以滿足不同檢索需求；並將適時推出“甲骨著録信息庫”等，以實現聯合檢索，敬請關注。,noise,https://www.fdgwz.org.cn/ZhuiHeLab/Home,chinese
168,過去，甲骨綴合成果散見多處，不便檢索。蔡哲茂先生和黃天樹先生團隊編製綴合總表，並續加更新，爲學界提供了極大便利，也爲我們編纂綴合庫樹立了榜樣。謹此致以崇高的敬意。,noise,https://www.fdgwz.org.cn/ZhuiHeLab/Home,chinese
170,目前庫內共有綴合信息6600餘條，並將持續更新。綴合庫堅持開放原則，內置交流反饋功能，使讀者與編纂人員得以良性互動。,noise,https://www.fdgwz.org.cn/ZhuiHeLab/Home,chinese
173,過去為了找一個字，要在一套一套工具書間翻找，光是查詢就要耗掉半天，現在則縮短到了一秒之間,noise,https://xiaoxue.iis.sinica.edu.tw/guide/,chinese
175,漢字古今字資料庫由行政院國家科學委員會經費補助，中央研究院歷史語言研究所和資訊科學研究所共同開發，歡迎大家使用！ (2013/04/22),noise,https://xiaoxue.iis.sinica.edu.tw/ccdb,chinese
176,適用瀏覽器：IE 8.0 以上版本、Firefox 4 以上版本、Google Chrome、Safari 5 以上版本,noise,https://xiaoxue.iis.sinica.edu.tw/ccdb,chinese
179,快速取得操作指引,noise,https://xiaoxue.iis.sinica.edu.tw/ccdb,chinese
181,小學堂王心怡古圖象文字藝術,noise,https://xiaoxue.iis.sinica.edu.tw/artwork/,chinese
182,甲骨文主要採用《甲骨文摹釋總集》（甲骨文合集1-13、小屯南地甲骨、英國所藏甲骨、花園莊東地甲骨）,noise,https://inscription.asdc.sinica.edu.tw/c_index.php,chinese
183,金文則收錄《殷周金文集成》、《新收殷周青銅器銘文暨器影彙編》，以2005年以前出土的青銅銘文為主,noise,https://inscription.asdc.sinica.edu.tw/c_index.php,chinese
184,簡牘包括《楚帛書甲乙丙本》、《曾侯乙墓竹簡》、《包山楚墓竹簡》、《望山楚墓竹簡》、《江陵九店東周墓竹簡》、《郭店楚墓竹簡》、《新蔡葛陵楚墓竹簡》七種文本的詞彙資料， 以上材料提供詞彙檢索及全文檢索,noise,https://inscription.asdc.sinica.edu.tw/c_index.php,chinese
186,現階段詞彙共收錄約13萬筆，每個詞彙包括出處、編號、上下文，便於使用者回查與檢閱，幫助理解詞彙意義。,noise,https://inscription.asdc.sinica.edu.tw/c_index.php,chinese
189,特色在於打破材質作為前提的預設，以詞彙本身為焦點，橫跨不同時代觀察詞彙的流變。,noise,https://inscription.asdc.sinica.edu.tw/c_index.php,chinese
190,並結合「GIS地理資訊系統」，即時觀看青銅器歷史地圖，了解器物出土地分布狀況；依考古報告繪製的「墓葬平面圖」，標誌各器物出土時在墓葬的實際位置，提供研究者及普羅大眾詳實且便捷的青銅器和金文知識。,noise,https://inscription.asdc.sinica.edu.tw/c_index.php,chinese
191,「殷周青銅器地理資訊WebGIS系統」根據譚其驤先生《中國歷史地圖集》所提供的資訊，以及近代學人的研究、考古發掘報告等，套疊google地形圖，還原殷商、西周、春秋、戰國諸時期的河川、國名、地名、城邑的變化，以此製作空間之定位。,noise,https://inscription.asdc.sinica.edu.tw/c_index.php,chinese
192,利用地理資訊系統的支援以及地圖對照，清楚呈現青銅器出土地理位置，有助於審視時、地、器物之間的交互關係。,noise,https://inscription.asdc.sinica.edu.tw/c_index.php,chinese
193,多為前故所長傅斯年先生向收藏名家吳式芬、劉體智、陳介祺等人所購得。,noise,https://inscription.asdc.sinica.edu.tw/c_index.php,chinese
195,殷周金文暨青銅器資料庫,noise,https://inscription.asdc.sinica.edu.tw/c_index.php,chinese
197,資料庫提供中國歷代字形，包括部件檢字功能、字形結構、異體字表、字形索引、字形演變等，先秦字體包含甲骨、金文、簡牘、小篆等各式字體，方便查詢和應用。,noise,https://inscription.asdc.sinica.edu.tw/c_index.php,chinese
200,「古文字關係文獻網」為輔助「金文暨青銅器資料庫」及「先秦甲骨金文簡牘詞彙資料庫」之需，在查詢青銅器與語彙資料外，能夠聯繫相關古文字、歷史、考古之研究成果。,noise,https://inscription.asdc.sinica.edu.tw/c_index.php,chinese
201,病駒禁有,kpt,https://inscription.asdc.sinica.edu.tw/c_index.php,chinese
202,內（芮）公乍（作）彳（從）鐘，子孫永寶用。,kpt,https://inscription.asdc.sinica.edu.tw/c_index.php,chinese
203,福無疆，犮首（髮）其萬年子子孫孫永寶。,kpt,https://inscription.asdc.sinica.edu.tw/c_index.php,chinese
204,秦王卑（畢）命，競（景）坪（平）王之定救秦戎。,kpt,https://inscription.asdc.sinica.edu.tw/c_index.php,chinese
205,舟（朕）皇考弔（叔）旅魚父，豐泉，降多福無。,kpt,https://inscription.asdc.sinica.edu.tw/c_index.php,chinese
206,鑄（祝）侯求乍（作）季姜朕（媵）鐘，其子子孫孫永（享）用之。,kpt,https://inscription.asdc.sinica.edu.tw/c_index.php,chinese
207,宮令宰僕易（賜）由由（甹）白金十勻（鈞），由由（甹）敢拜旨頁首。,kpt,https://inscription.asdc.sinica.edu.tw/c_index.php,chinese
208,用樂嘉賓、父兄（兄）、大夫、倗（朋）友，余武于戎攻（功）霝聞。,kpt,https://inscription.asdc.sinica.edu.tw/c_index.php,chinese
209,八月初吉，日隹（唯）己未，王子嬰次自乍（作）者（堵）鐘，永用匽（宴）喜。,kpt,https://inscription.asdc.sinica.edu.tw/c_index.php,chinese
210,隹（唯）鄀正四月，鄀公敄人，徒，皇且（祖）哀公、皇考公頁（眉）壽萬年無彊（疆），子孫永□□。,kpt,https://inscription.asdc.sinica.edu.tw/c_index.php,chinese
211,鍚戈彤尾少（緌），用韭井丮于公室，僕庸臣妾，小子室家，母（毋）有不聞智（知），,kpt,https://inscription.asdc.sinica.edu.tw/c_index.php,chinese
213,隹（唯）正月初吉丁亥，楚王賸（媵）邛中（仲）嬭南龢鐘，其頁（眉）壽無彊（疆），子孫永保用之。,kpt,https://inscription.asdc.sinica.edu.tw/c_index.php,chinese
214,丙寅貞侑于Ｔ９燎小羊卯牛一茲用不雨,kpt,https://inscription.asdc.sinica.edu.tw/c_index.php,chinese
216,甲辰卜隹示又俘馬自大乙,kpt,https://inscription.asdc.sinica.edu.tw/c_index.php,chinese
217,丁貞乙亥酉餗,kpt,https://inscription.asdc.sinica.edu.tw/c_index.php,chinese
218,乙未貞侑自祖乙至于　茲用,kpt,https://inscription.asdc.sinica.edu.tw/c_index.php,chinese
219,貞其禾高祖,kpt,https://inscription.asdc.sinica.edu.tw/c_index.php,chinese
220,辛巳貞雨不既其燎于亳土,kpt,https://inscription.asdc.sinica.edu.tw/c_index.php,chinese
221,甲寅貞伊歲遘匚丁日,kpt,https://inscription.asdc.sinica.edu.tw/c_index.php,chinese
224,辛巳卜貞王亥上甲即宗于河,kpt,https://inscription.asdc.sinica.edu.tw/c_index.php,chinese
225,癸酉卜侑牢,kpt,https://inscription.asdc.sinica.edu.tw/c_index.php,chinese
226,〔崔田一禾坐又五來，敔禾毋之〕三檐（擔）。崔田二禾坐，敔禾毋之四檐（擔）。崔田二禾坐又五來，敔禾毋之五檐（擔）。崔田三禾癸，敔禾毋之六檐（擔）。崔田三,kpt,https://inscription.asdc.sinica.edu.tw/c_index.php,chinese
227,〔夏：建於〕巳，竷於午，皮於未，坪於申，寍於梄（酉），工於戌，坐於亥，盍於子，城於丑，復於寅，菀於卯，於（辰）。,kpt,https://inscription.asdc.sinica.edu.tw/c_index.php,chinese
229,〔享月：建於〕午，竷於未，皮於申，坪於酉，寍於戌，工於亥，坐（危）於子，盍於丑，城於寅，復於卯，菀於（辰），於巳。,kpt,https://inscription.asdc.sinica.edu.tw/c_index.php,chinese
230,凡復日，不吉，無為而可。,kpt,https://inscription.asdc.sinica.edu.tw/c_index.php,chinese
232,五子，不可（以）作大事，不城（成），必毀，亓（其）身又（有）大咎；非,kpt,https://inscription.asdc.sinica.edu.tw/c_index.php,chinese
233,□土少。盍（蓋）東南之遇（宇），□□凥（居），必又（有）□□出□,kpt,https://inscription.asdc.sinica.edu.tw/c_index.php,chinese
234,北吉，西以行，南又（有）得。寅，〔朝〕閟（閉）夕啟。凡五寅，朝〔逃（盜）〕得，晝得，夕不得。〔以內（入）〕，吉。以又（有）疾，午少翏（瘳），申大翏（瘳），死生才（在）□。,kpt,https://inscription.asdc.sinica.edu.tw/c_index.php,chinese
235,殺傷殹（也），貲二甲；殺傷馬,kpt,https://inscription.asdc.sinica.edu.tw/c_index.php,chinese
236,亡馬、牛、駒、犢、【羔】，馬、牛、駒、犢、【羔】皮及□皆入禁□□（官）,kpt,https://inscription.asdc.sinica.edu.tw/c_index.php,chinese
237,租者且出以律，告典、田典，典、田典令黔首皆智（知）之，及,kpt,https://inscription.asdc.sinica.edu.tw/c_index.php,chinese
238,部主者各二甲，令、丞、令史各一甲。□,kpt,https://inscription.asdc.sinica.edu.tw/c_index.php,chinese
239,竇出入及毋（無）符傳而闌入門者，斬其男子左趾,kpt,https://inscription.asdc.sinica.edu.tw/c_index.php,chinese
240,復以紿假它人,kpt,https://inscription.asdc.sinica.edu.tw/c_index.php,chinese
241,沒入其販假殹（也），錢財它物于縣、道官,kpt,https://inscription.asdc.sinica.edu.tw/c_index.php,chinese
242,殺之；河禁所殺犬，皆完入公,kpt,https://inscription.asdc.sinica.edu.tw/c_index.php,chinese
243,土，思（使）又（有）宵又（有）朝，又（有）晝又（有）夕。,kpt,https://inscription.asdc.sinica.edu.tw/c_index.php,chinese
244,紫魚之韔，虎莫毛之聶；二貂巂彔（綠）魚之箙，,kpt,https://inscription.asdc.sinica.edu.tw/c_index.php,chinese
249,貍聶，組綏。,kpt,https://inscription.asdc.sinica.edu.tw/c_index.php,chinese
250,一吳甲，紫巿之縢,kpt,https://inscription.asdc.sinica.edu.tw/c_index.php,chinese
251,丑」字甲骨、金文從又從◎，象手有指甲，◎象指爪尖利之形，本義是指爪。,kde,https://humanum.arts.cuhk.edu.hk/Lexis/lexi-mf/oraclePiece.php?piece=%E4%B8%91,chinese
254,甲骨文「𠬞人」，即徵集人眾，以備征伐。「𠬞牛」、「𠬞羊」即供牛、供羊，表示供給、供奉(參葉玉森)。,kde,https://humanum.arts.cuhk.edu.hk/Lexis/lexi-mf/oraclePiece.php?piece=%E5%B7%A6,chinese
255,「廾」象兩手相拱，表示拱手。,kde,https://humanum.arts.cuhk.edu.hk/Lexis/lexi-mf/oraclePiece.php?piece=%E5%B7%A6,chinese
256,「廾」與「𠬞」同，會拱手之意，是「拱」的初文。,kde,https://humanum.arts.cuhk.edu.hk/Lexis/lexi-mf/oraclePiece.php?piece=%E5%B7%A6,chinese
257,「左」甲骨文乃早期金文作「𠂇」，象左手之形。,kde,https://humanum.arts.cuhk.edu.hk/Lexis/lexi-mf/oraclePiece.php?piece=%E5%B7%A6,chinese
262,金文用作本義，宜侯夨簋：「庶人」，即平民。,kde,https://humanum.arts.cuhk.edu.hk/Lexis/lexi-mf/oraclePiece.php?piece=%E4%BA%BA,chinese
263,《集韻．屑韻》：「卩，通作節。」參見「節」。,kde,https://humanum.arts.cuhk.edu.hk/Lexis/lexi-mf/oraclePiece.php?piece=%E4%BA%BA,chinese
265,「尸」又可指代表死者的「神主牌」，古代「載尸以行」就是指持着神主牌巡行,kde,https://humanum.arts.cuhk.edu.hk/Lexis/lexi-mf/oraclePiece.php?piece=%E4%BA%BA,chinese
266,今人一般以為「尸」乃「屍」的簡體字，可以補充的是，「尸」本為繁體字，屍體的「屍」古借「尸」來表示，後來才加「死」為聲符分化出「屍」專門表示遺體。參見「屍」。,kde,https://humanum.arts.cuhk.edu.hk/Lexis/lexi-mf/oraclePiece.php?piece=%E4%BA%BA,chinese
267,「大」象成年人，本義是大人（與小童相對），引申為大。,kde,https://humanum.arts.cuhk.edu.hk/Lexis/lexi-mf/oraclePiece.php?piece=%E4%BA%BA,chinese
268,古文字「大」、「夫」是一字之分化，「大」這個字形本來既表示夫(成年男子)，又表示大(由大人、小孩的相對意義引申而有大義)。,kde,https://humanum.arts.cuhk.edu.hk/Lexis/lexi-mf/oraclePiece.php?piece=%E4%BA%BA,chinese
269,一短橫是沒有意義的飾筆。,kde,https://humanum.arts.cuhk.edu.hk/Lexis/lexi-mf/oraclePiece.php?piece=%E4%BA%BA,chinese
270,「兀」與「元」古本同字，後來才分化為二字(林義光)，參見「元」,kde,https://humanum.arts.cuhk.edu.hk/Lexis/lexi-mf/oraclePiece.php?piece=%E4%BA%BA,chinese
271,甲金文均從二「人」，字象二人反向相依之形，疑以一正一反的人形，會顛倒變化之意，因此本義是變化。,kde,https://humanum.arts.cuhk.edu.hk/Lexis/lexi-mf/oraclePiece.php?piece=%E4%BA%BA,chinese
273,甲骨文疑用作方國名，《合集》10275正：「乎(呼)化。」,kde,https://humanum.arts.cuhk.edu.hk/Lexis/lexi-mf/oraclePiece.php?piece=%E4%BA%BA,chinese
274,金文「化」或指教化，史惠鼎有「祭化」一詞，意指祭祀教化。字又用作人名，中子化盤：「中子化用保楚王，用正(征)梠(莒)」，意指中子化輔助楚王，征伐莒國。,kde,https://humanum.arts.cuhk.edu.hk/Lexis/lexi-mf/oraclePiece.php?piece=%E4%BA%BA,chinese
277,段玉裁云：「本義謂相親密也。」,kde,https://humanum.arts.cuhk.edu.hk/Lexis/lexi-mf/oraclePiece.php?piece=%E4%BA%BA,chinese
278,本義為射取鳥獸的矰矢。,kde,https://humanum.arts.cuhk.edu.hk/Lexis/lexi-mf/oraclePiece.php?piece=%E4%BA%BA,chinese
279,吳大澂認為繫箭而射是男子的事情，所以「弔」被借用作「叔」，作為男子的美稱。,kde,https://humanum.arts.cuhk.edu.hk/Lexis/lexi-mf/oraclePiece.php?piece=%E4%BA%BA,chinese
281,注：「羔豚，物生而肥。」「羔」指小羊，「豚」與之並舉，指小豬。,kde,https://humanum.arts.cuhk.edu.hk/Lexis/lexi-mf/oraclePiece.php?piece=%E8%82%89,chinese
282,《方言》：「豬，其子或謂之豚，或謂之豯。,kde,https://humanum.arts.cuhk.edu.hk/Lexis/lexi-mf/oraclePiece.php?piece=%E8%82%89,chinese
284,另，混和油脂和香料而成的也稱為「膏」，《詩．衛風．伯兮》：「豈無膏沐」，朱熹集傳：「膏，所以澤髮者。」,kde,https://humanum.arts.cuhk.edu.hk/Lexis/lexi-mf/oraclePiece.php?piece=%E8%82%89,chinese
286,高亨《詩經今注》：「就，前往」，指每天每月都有進步，形容日積月累，持之有恆。,kde,https://humanum.arts.cuhk.edu.hk/Lexis/lexi-mf/oraclePiece.php?piece=%E4%BA%AC,chinese
289,本義是高大的樓臺，引申有大義。高大的宮觀是帝王所居之處，所以「京」後來專門表示國都，如「京師」、「京城」。,kde,https://humanum.arts.cuhk.edu.hk/Lexis/lexi-mf/oraclePiece.php?piece=%E4%BA%AC,chinese
290,《方言》卷五：「罃、甈謂之盎，自關而西或謂之盆，或謂之盎。」,kde,https://humanum.arts.cuhk.edu.hk/Lexis/lexi-mf/oraclePiece.php?piece=%E5%88%86,chinese
291,甲骨文用作地名，劉桓認為卜辭之「分」在漢臨汾一帶。,kde,https://humanum.arts.cuhk.edu.hk/Lexis/lexi-mf/oraclePiece.php?piece=%E5%88%86,chinese
294,《廣韻》：「艿，草名，謂陳根草不芟新草又生，相因艿也。」,kde,https://humanum.arts.cuhk.edu.hk/Lexis/lexi-mf/oraclePiece.php?piece=%E4%B9%83,chinese
296,注云：「扔與仍音義同。」,kde,https://humanum.arts.cuhk.edu.hk/Lexis/lexi-mf/oraclePiece.php?piece=%E4%B9%83,chinese
297,《合集》32035：「王于宗門逆羌」，指王於宗廟的門前迎接獲得羌人俘虜而歸的將領。,kde,https://humanum.arts.cuhk.edu.hk/Lexis/lexi-mf/oraclePiece.php?piece=%E6%88%B6,chinese
298,杜預注：「有寇攻門，二子禦之而死。」,kde,https://humanum.arts.cuhk.edu.hk/Lexis/lexi-mf/oraclePiece.php?piece=%E6%88%B6,chinese
300,上面(亼)象屋頂，下面(口)象儲糧的坑，中間是倉庫的門,kde,https://humanum.arts.cuhk.edu.hk/Lexis/lexi-mf/oraclePiece.php?piece=%E6%88%B6,chinese
301,“古文字”與“古文字學”，都有狹義和廣義之分。“狹義的古文字”僅指“先秦的古漢字”（且不包括小篆），“廣義的古文字”則將秦漢時代的篆文與漢初古隸（時代大致在漢武帝之前）也一併包入。,ksd,https://www.fdgwz.org.cn/Web/Show/11138,chinese
302,按一般傳統的分法，古文字學有以下幾大分支領域：甲骨學、青銅器與銘文研究（或稱“金文學”）、戰國文字研究、簡帛學。,ksd,https://www.fdgwz.org.cn/Web/Show/11138,chinese
304,“識字”“釋字”，是古文字學的基礎，新出戰國竹書對此起到了關鍵作用，成爲近二十多年來古文字釋讀的最大“增長點”和“動力”。,ksd,https://www.fdgwz.org.cn/Web/Show/11138,chinese
307,對戰國竹書材料的整理，大家注意到的問題越來越多。,ksd,https://www.fdgwz.org.cn/Web/Show/11138,chinese
308,在拼合、編聯與分篇日益得到全面重視的同時，又更注意到簡背劃痕/畫綫，印文乃至污痕及其所反映出的竹簡間關係，抄手字迹乃至文字的筆畫關係與書寫順序的研究，竹簡的分篇分卷及其編聯關係，等等。,ksd,https://www.fdgwz.org.cn/Web/Show/11138,chinese
310,按字迹對類組及其小類劃分得越來越細，對其間關係的認識也更加明晰。,ksd,https://www.fdgwz.org.cn/Web/Show/11138,chinese
311,本文主要想梳理一下先秦漢語中“善”字的各種用法。,ksd,https://www.fdgwz.org.cn/Web/Show/11019,chinese
312,不過，我們在討論了除《老子》之外的先秦漢語中“善”字的用法之後，仍要對“善”字字形表示的意義和“善”的本義略作討論。,ksd,https://www.fdgwz.org.cn/Web/Show/11019,chinese
313,但是，需要指出，如果主體發出的行爲或表現的情狀是由外界觸發的，或者是由於身體上的原因如疾病等造成的，總之是主體難以甚至完全不能自主的，那麼，“善”一般就不能解釋爲“擅長”，而必須解釋爲“容易”或“多”。,ksd,https://www.fdgwz.org.cn/Web/Show/11019,chinese
314,（二）賓語爲事物名稱或其代詞,ksd,https://www.fdgwz.org.cn/Web/Show/11019,chinese
315,這種用例的意思，一般是説能把以所舉事物爲對象的某種或某些事做得很好，而這種或這些事是什麼在有關語境中通常是容易看出來的,ksd,https://www.fdgwz.org.cn/Web/Show/11019,chinese
316,但有時没有説出的意思雖然大體上可以體會到，要選一個把意思表現得全面、恰當的詞卻很困難。,ksd,https://www.fdgwz.org.cn/Web/Show/11019,chinese
317,這也許是人們要使用這種句式的原因之一。,ksd,https://www.fdgwz.org.cn/Web/Show/11019,chinese
321,關鍵詞：傳抄古文、汗簡、古文四聲韻、集篆古文韻海,ksd,https://www.fdgwz.org.cn/Web/Show/4663,chinese
322,另為方便敘述，討論中的字形組，有時會以??“△”符暫代。,ksd,https://www.fdgwz.org.cn/Web/Show/4663,chinese
324,緣此之故，在歷代字書與傳抄古文中，此二偏旁偶有互作之例,ksd,https://www.fdgwz.org.cn/Web/Show/4663,chinese
326,二者應是一字之異體，是簡體B式與繁體的關係。,ksd,https://www.fdgwz.org.cn/Web/Show/4663,chinese
328,“古文”一詞的認知而言，唯有A類偏旁才能算是嚴格定義的真古文。,ksd,https://www.fdgwz.org.cn/Web/Show/4663,chinese
329,由傳抄古文首見字形的角度來看，从A類偏旁的傳抄古文，均能上溯至《說文》、三體石經、《汗簡》或《古文四聲韻》；而从B類偏旁的傳抄古文，可追溯至《汗簡》、《古文四聲韻》者,ksd,https://www.fdgwz.org.cn/Web/Show/4663,chinese
330,李春桃曾詳細評論上引各家說法,ksd,https://www.fdgwz.org.cn/Web/Show/4663,chinese
332,隨著新資料的出現，這個字現在又得到大家的關注，[2]相關字形和辭例也繫聯得越來越多。,ksd,https://www.fdgwz.org.cn/Web/Show/4633,chinese
333,綜合起來看，此字用法主要分為兩類，其一和“獄”有關，其二和“明”字連用。我們先看第一類：,ksd,https://www.fdgwz.org.cn/Web/Show/4633,chinese
334,這類用法陳劍、趙平安先生大多讀為“訟”，陳斯鵬先生讀為“譖”，都是往訴訟、訴告的方向考慮。,ksd,https://www.fdgwz.org.cn/Web/Show/4633,chinese
335,我們覺得這應該是受傳世典籍“獄訟”說法的影響太大，沒有仔細審核古文字中用例所致。,ksd,https://www.fdgwz.org.cn/Web/Show/4633,chinese
336,金文六例中此字用法一致，都是作審訊義動詞的賓語，而且都帶有“有”字。,ksd,https://www.fdgwz.org.cn/Web/Show/4633,chinese
337,《攝命》用了“協”，而清華簡《四告》則用了“和”。,ksd,https://www.fdgwz.org.cn/Web/Show/4633,chinese
338,我們原來的文章中已經舉過戾聲和粦聲、文聲相通的例證，而“戾”字本身就有从犬立聲的寫法。,ksd,https://www.fdgwz.org.cn/Web/Show/4633,chinese
339,上博簡《緇衣》簡8的字，趙平安先生認為和郭店簡《六德》的字是異體。其說可從。,ksd,https://www.fdgwz.org.cn/Web/Show/4633,chinese
343,這樣文從字順，意義圓通。,ksd,https://www.fdgwz.org.cn/Web/Show/4568,chinese
344,在春秋、戰國時期仍然存在，只不過用的並非遊覽義，且比較少見而已。,ksd,https://www.fdgwz.org.cn/Web/Show/4568,chinese
345,“為遊”和“與遊”的意思差不多，就是與某人交友、來往的意思。而根據鮑彪的說法，“為遊”也可以直接理解為“為友”。,ksd,https://www.fdgwz.org.cn/Web/Show/4568,chinese
348,但并不在中指上加圆点，解为臤字“省形”，不妥。,ksd,https://www.fdgwz.org.cn/Web/Show/2545,chinese
350,甲骨文有甲尾记事刻辞：,ksd,https://www.fdgwz.org.cn/Web/Show/2545,chinese
352,“古文字與中華文明傳承發展工程”協同攻關創新平臺,noise,https://www.fdgwz.org.cn/Web/Show/11163,chinese
353,本文收稿日期为2024年6月22日,noise,https://www.fdgwz.org.cn/Web/Show/11163,chinese
355,下载次数：101,noise,https://www.fdgwz.org.cn/Web/Show/11163,chinese
356,感谢上海屹超信息技术有限公司提供技术支持,noise,https://www.fdgwz.org.cn/Web/Show/11163,chinese
357,總訪問量：9527563,noise,https://www.fdgwz.org.cn/Web/Show/11163,chinese
358,分享到：,noise,https://www.fdgwz.org.cn/Web/Show/11163,chinese
360,您当前的位置：首页 → 学者文库 → 详细文章,noise,https://www.fdgwz.org.cn/Web/Show/11138,chinese
362,推荐使用IE9以上版本或非IE内核的浏览器。IE浏览器请取消兼容性设置，非IE内核浏览器也无需使用兼容模式。,noise,https://www.fdgwz.org.cn/Web/Show/11262,chinese
363,共 187 条记录， 页 3/7,noise,https://www.fdgwz.org.cn/Web/Show_List/13/20?page=3,chinese
365,編纂人員：康博文、沈思聰、林秉銷,noise,https://www.fdgwz.org.cn/GuanLianHanQing/Home,chinese
366,策劃統籌：張傳官,noise,https://www.fdgwz.org.cn/GuanLianHanQing/Home,chinese
367,二、致謝,noise,https://www.fdgwz.org.cn/GuanLianHanQing/Home,chinese
368,http://www.fdgwz.org.cn/guanlianhanqing/Home）。,noise,https://www.fdgwz.org.cn/GuanLianHanQing/Home,chinese
370,簡號示例,noise,https://www.fdgwz.org.cn/GuanLianHanQing/Home,chinese
371,徵稿啟事,noise,https://www.fdgwz.org.cn/,chinese
372,公告,noise,https://www.fdgwz.org.cn/,chinese
373,查看更多,noise,https://www.fdgwz.org.cn/,chinese
374,吉林大学 校内办公 图书馆 牡丹园,noise,https://gujisuo.jlu.edu.cn/,chinese
375,关于开展2025年度吉林大学校本应用专题研究项目申报工作的通知,noise,https://gujisuo.jlu.edu.cn/info/1011/2756.htm,chinese
377,一、申报方向和选题,noise,https://gujisuo.jlu.edu.cn/info/1011/2756.htm,chinese
378,四、结项要求,noise,https://gujisuo.jlu.edu.cn/info/1011/2756.htm,chinese
379,政策与法规办公室,noise,https://gujisuo.jlu.edu.cn/info/1011/2756.htm,chinese
380,邮编：130012,noise,https://gujisuo.jlu.edu.cn/info/1011/2756.htm,chinese
381,E-mail:zhhl@jlu.edu.cn,noise,https://gujisuo.jlu.edu.cn/info/1011/2756.htm,chinese
382,科研动态,noise,https://gujisuo.jlu.edu.cn/info/1011/2756.htm,chinese
383,本次座谈会由2024级学生蒋晓斐主持，研一研二全体同学参加,noise,https://gujisuo.jlu.edu.cn/info/1028/2946.htm,chinese
384,在科研学习中脚踏实地、勇于探索，在成长路上不断提升自我，以昂扬姿态奔赴新学期的新征程，在专业领域深耕细作、学有所成。,noise,https://gujisuo.jlu.edu.cn/info/1028/2946.htm,chinese
385,生活上保持规律作息、坚持体育锻炼，平衡学习与休息，提升自我管理能力与综合素养，以积极健康的心态迎接新挑战。,noise,https://gujisuo.jlu.edu.cn/info/1028/2946.htm,chinese
387,（三）成绩及录取,noise,https://gujisuo.jlu.edu.cn/info/1029/2928.htm,chinese
389,公示期为3日。,noise,https://gujisuo.jlu.edu.cn/info/1029/2928.htm,chinese
390,但不合格者不予录取。,noise,https://gujisuo.jlu.edu.cn/info/1029/2928.htm,chinese
392,中国社会科学院历史研究所,noise,https://www.xianqin.org/blog/,chinese
393,沉痛哀悼李学勤先生,noise,https://www.xianqin.org/blog/,chinese
394,河南师范大学甲骨鉴定中心简介,noise,https://www.xianqin.org/blog/,chinese
395,荣退研究员,noise,https://www.xianqin.org/blog/,chinese
397,“電子摹本製作——第二屆先秦史研究室網站作者交流會”會議紀要,noise,https://www.xianqin.org/blog/archives/category/jgw_shang_center,chinese
399,Powered by Wordpress & 沃普斯科技,noise,https://www.xianqin.org/blog/%e6%ac%a2%e8%bf%8e%e6%8a%95%e7%a8%bf,chinese
400,登录,noise,https://www.xianqin.org/blog/%e6%ac%a2%e8%bf%8e%e6%8a%95%e7%a8%bf,chinese
