id,text,label,source_url,language,split,id_str,is_error,predicted_label,x,y
2,己亥卜古貞有眾之十二月,kpt,https://inscription.asdc.sinica.edu.tw/c_index.php,chinese,train,2,False,,-11.271266,-9.053829
4,貞不惟羌甲,kpt,https://inscription.asdc.sinica.edu.tw/c_index.php,chinese,train,4,False,,-9.705734,-11.852902
6,翌癸丑侑祖辛四牛,kpt,https://inscription.asdc.sinica.edu.tw/c_index.php,chinese,train,6,False,,-12.289271,-11.851912
10,隹（惟）□□□，月則呈（贏）絀（縮），不得丌（其）尚廾（常），春夏秋冬，又（有）□（亂）又（有）尚（常），日月星辰，亂羊（失）丌（其）行。呈（贏）絀（縮）羊（失）□，卉木亡（無）,kpt,https://inscription.asdc.sinica.edu.tw/c_index.php,chinese,train,10,False,,9.275752,-14.138638
11,尚（常），□□宎（妖）。天陀土（地）乍（作）羕（殃），天梪（將）乍（作）（傷），降于亓（其）方，山陵其發（廢），又（有）（渊）氒（？厥）日，是謂李。李歲□月，內（入）月,kpt,https://inscription.asdc.sinica.edu.tw/c_index.php,chinese,train,11,False,,9.581368,-12.826814
13,相弋（代），乃止（持）以為歲。是隹（惟）四寺（時）。倀（長）曰青□木旱（榦），二曰朱□單，三曰□黃難，四曰□墨木旱（榦）。千又（有）百歲，日月,kpt,inscription.asdc.sinica.edu.tw/c_index.php,chinese,train,13,False,,10.710959,-13.722619
16,曰故（古）又（有）熊雨（雹）（戲），出自耑（顓）雨走（頊），凥（處）于颻□（澤）。氒田弓魚（漁）弓魚（漁），□□□女，夢夢墨墨，亡章弼弼，□每□□，風雨是於（遏）。乃娶,kpt,https://inscription.asdc.sinica.edu.tw/c_index.php,chinese,train,16,False,,5.9958534,-18.828726
17,宋公戌之言哥（歌）鐘。,kpt,https://inscription.asdc.sinica.edu.tw/c_index.php,chinese,train,17,False,,-0.081704676,-9.861479
18,卯田（留）為弔（叔）素虎禾（龢）鐘。,kpt,https://inscription.asdc.sinica.edu.tw/c_index.php,chinese,train,18,False,,-0.9616936,-10.40396
19,麋侯自乍（作）龢鐘用。,kpt,https://inscription.asdc.sinica.edu.tw/c_index.php,chinese,train,19,False,,-1.3580253,-8.892475
20,中義乍（作）龢鐘，其萬年永寶。,kpt,https://inscription.asdc.sinica.edu.tw/c_index.php,chinese,train,20,False,,-1.1378711,-7.945322
21,隹（唯）十又六年九月初吉庚寅，王才（在）周康剌宮，王乎（呼）士曶召克，王親令克遹涇東至于京（師），易（賜）克甸車、馬乘《文接00207》,kpt,https://inscription.asdc.sinica.edu.tw/c_index.php,chinese,train,21,False,,4.572749,-13.450102
22,隹（唯）正月初吉丁亥，余（徐）王庚之弔心（淑）子沇兒睪廾（擇）其吉金，自乍（作）龢鐘，中（終）倝（翰）又（且）昜（揚）,kpt,https://inscription.asdc.sinica.edu.tw/c_index.php,chinese,train,22,False,,4.022798,-12.486476
24,五行︰身心（仁）型（形）於內胃（謂）之惪（德）之行，不型（形）於內胃（謂）之行。義型（形）於內胃（謂）之惪（德）之,kpt,https://inscription.asdc.sinica.edu.tw/c_index.php,chinese,train,24,False,,13.541107,-18.172754
25,「〔瞻望弗及（及）〕，水眔（泣）涕女（如）雨」。能尾少（差）沱（池）亓（其）羽于（羽），肰（然）句（後）能至哀。君子言斤心（慎）亓（其）,kpt,https://inscription.asdc.sinica.edu.tw/c_index.php,chinese,train,25,False,,6.212728,-19.849585
26,不柬（簡），不柬（簡）不行，不行不義。不見袁（遠）不敬，不敬不嚴，不嚴不尊（尊），不尊（尊）不共（恭），不共（恭）亡豊（禮）。未尚（嘗）,kpt,https://inscription.asdc.sinica.edu.tw/c_index.php,chinese,train,26,False,,9.279685,-16.90159
29,〔王才（在）上，於昭〕于而〈天〉。」此之胃（謂）也。見而智（知）之，智也。智（知）而安之，身心（仁）也。安,kpt,https://inscription.asdc.sinica.edu.tw/c_index.php,chinese,train,29,False,,12.068415,-17.657072
30,辯）肰（然）而正行之，植（直）也。植（直）而述（遂）之，（肆）也。（肆）而不畏彊力（強）語（禦），果也。不,kpt,https://inscription.asdc.sinica.edu.tw/c_index.php,chinese,train,30,False,,11.200816,-16.412369
31,於道。又（有）大辠（罪）而大豆戈（誅）之，東〈柬（簡）〉也。又（有）少（小）辠（罪）而亦（赦）之，匿也。又（有）大辠（罪）而弗大,kpt,https://inscription.asdc.sinica.edu.tw/c_index.php,chinese,train,31,False,,7.753849,-16.184975
32,癸未卜今日雨,kpt,https://inscription.asdc.sinica.edu.tw/c_index.php,chinese,train,32,False,,-13.743137,-10.802812
36,子貞Ｔ１于父丁大牢丁丑　茲用,kpt,https://inscription.asdc.sinica.edu.tw/c_index.php,chinese,train,36,False,,-6.0780272,-10.247269
38,虢季乍（作）寶鼎，季氏其萬年子子孫孫永寶用（享）。,kpt,https://inscription.asdc.sinica.edu.tw/c_index.php,chinese,train,38,False,,0.378402,-7.2512064
39,虢季乍（作）寶（簋），永寶用。,kpt,https://inscription.asdc.sinica.edu.tw/c_index.php,chinese,train,39,False,,0.35839838,-7.5110745
40,甲子允有來自東無于薛,kpt,https://inscription.asdc.sinica.edu.tw/c_index.php,chinese,train,40,False,,-6.003252,-11.773525
42,貞冊口祖乙,kpt,inscription.asdc.sinica.edu.tw/c_index.php,chinese,train,42,False,,-9.368281,-9.590558
43,貞小子有Ｇ０１６,kpt,https://inscription.asdc.sinica.edu.tw/c_index.php,chinese,train,43,False,,-12.34934,-14.145093
45,貞惟父乙王,kpt,https://inscription.asdc.sinica.edu.tw/c_index.php,chinese,train,45,False,,-9.135441,-11.007888
46,女（如）以行，必亡貝（亡）□又□。,kpt,https://inscription.asdc.sinica.edu.tw/c_index.php,chinese,train,46,False,,4.7091146,-18.026957
49,田火（爨）月辛酉之日，（滕）敓之米邑人走仿登（鄧）成訟走仿郘出月以其敓泉汸與爾澤之古（故）。正義牢、坷。,kpt,https://inscription.asdc.sinica.edu.tw/c_index.php,chinese,train,49,False,,6.4346523,-12.01779
50,上新都人蔡（蔡）首羌訟新都南陵大宰首、右司寇正、陳土（陳）得、正卜日又（史）赤，以其為其山兄（兄）蔡（蔡）暴（斷），不灋（法）。旦佗，力可為李。既訽爿酉須逾，幸丮女（執）。,kpt,https://inscription.asdc.sinica.edu.tw/c_index.php,chinese,train,50,False,,3.0439618,-14.726975
51,《說文》：“一，惟初太始，道立於一，造分天地，化成萬物。弌，古文一。”,kde,https://xiaoxue.iis.sinica.edu.tw/yanbian?kaiOrder=1,chinese,train,51,False,,16.68631,4.6898265
54,徐鉉曰：“今俗以此為艸木之艸，別作皁字為黑色之皁。案：櫟實可以染帛為黑色，故曰草。通用為草棧字。今俗書皁或从白从十，或从白从匕，皆無意義，無以下筆。”,kde,https://xiaoxue.iis.sinica.edu.tw/yanbian?kaiOrder=1,chinese,train,54,False,,11.08796,1.2059091
55,《說文》：“甄，匋也。从瓦，垔聲。”,kde,https://xiaoxue.iis.sinica.edu.tw/yanbian?kaiOrder=1,chinese,train,55,False,,14.484239,4.9659247
56,《說文》：“，材緊也。从女，瞏聲。《春秋傳》曰：‘ 在疚。’”,kde,https://xiaoxue.iis.sinica.edu.tw/yanbian?kaiOrder=1,chinese,train,56,False,,15.823649,3.2046316
57,《正字通．女部》：“嬛，本作𡣱。”,kde,https://xiaoxue.iis.sinica.edu.tw/yanbian?kaiOrder=1,chinese,train,57,False,,14.580902,1.8744572
58,《說文》：“眉，目上毛也。从目，象眉之形，上象頟理也。”,kde,https://xiaoxue.iis.sinica.edu.tw/yanbian?kaiOrder=1,chinese,train,58,False,,12.690373,3.6617303
59,孔廣居疑疑：“（古文）下象目，上象毛，小篆即古文之小變，非象頟理也。”,kde,https://xiaoxue.iis.sinica.edu.tw/yanbian?kaiOrder=1,chinese,train,59,False,,9.226741,-0.35554478
60,《說文》：“安，靜也。从女在宀下。”,kde,https://xiaoxue.iis.sinica.edu.tw/yanbian?kaiOrder=1,chinese,train,60,False,,14.604494,3.090906
61,段玉裁改“靜”作“竫”，注：“此與寍同意。”徐鍇繫傳：“安，止也。從女在宀中。”按：安居、安寧當為安本義。字或從厂。,kde,https://xiaoxue.iis.sinica.edu.tw/yanbian?kaiOrder=1,chinese,train,61,False,,12.68198,-1.1188502
62,羅振玉《增訂殷虛書契考釋》：“此字象人梯而升高，一足在地，一足已階而升。”,kde,https://xiaoxue.iis.sinica.edu.tw/yanbian?kaiOrder=1,chinese,train,62,False,,18.758532,1.9394928
63,徐鉉等注：“屋與谷皆所以盛受也。”徐鍇繫傳作“从宀，谷聲。”,kde,https://xiaoxue.iis.sinica.edu.tw/yanbian?kaiOrder=1,chinese,train,63,False,,12.003661,1.3274394
64,容庚《金文編》：“年，从禾，从人，人亦聲。《說文》非。”于省吾《甲骨文字釋林》：“年乃就一切穀類全年的成熟而言。”按：甲骨文“年”字意為稔熟，金文始用作年歲字。,kde,https://xiaoxue.iis.sinica.edu.tw/yanbian?kaiOrder=1,chinese,train,64,False,,13.759656,8.29823
66,孔廣居疑疑：“象樓臺層疊形，象上屋，冂象下屋，口象上下層之戶牖也。”,kde,https://xiaoxue.iis.sinica.edu.tw/yanbian?kaiOrder=1,chinese,train,66,False,,9.337262,-0.78857803
67,《漢語大字典》按：“甲、金文十二支第一位之｀子’和第六位之｀巳’、｀子某’之｀子’分用不混。前者與《說文》籀文形近，像小兒頭上有髮及兩脛之形；後者與小篆形近，上像幼兒頭及兩臂，下像兩足並入襁褓中。或以為二者是一字異體。｀子’之本義當是｀幼兒’，象形。借為干支字。＂,kde,https://xiaoxue.iis.sinica.edu.tw/yanbian?kaiOrder=1,chinese,train,67,False,,5.1543713,5.8950357
68,《說文》：“旭，日旦出皃。从日，九聲。若勖。一曰明也。”,kde,https://xiaoxue.iis.sinica.edu.tw/yanbian?kaiOrder=1,chinese,train,68,False,,14.750157,4.1226153
69,邵瑛羣經正字：“今經典作昊，从日从天”，“《九經字樣》以為隷省，其實乃俗儒不識夰字，筆法相近，變為天也。”,kde,https://xiaoxue.iis.sinica.edu.tw/yanbian?kaiOrder=1,chinese,train,69,False,,18.572897,8.481101
70,《說文》：“王，天下所歸往也。董仲舒曰：‘古之造文者，三畫而連其中謂之王。三者，天、地、人也；而參通之者，王也。’孔子曰：‘一貫三為王。’，古文王。”,kde,https://xiaoxue.iis.sinica.edu.tw/yanbian?kaiOrder=1,chinese,train,70,False,,18.0469,4.767799
73,《說文》：“浩，澆也。从水，告聲。《虞書》曰：‘洪水浩浩。’”,kde,https://xiaoxue.iis.sinica.edu.tw/yanbian?kaiOrder=1,chinese,train,73,False,,15.99424,6.6602893
75,《說文》：“方，併船也。象兩舟省緫頭形。汸，方或从水。”,kde,https://xiaoxue.iis.sinica.edu.tw/yanbian?kaiOrder=1,chinese,train,75,False,,10.365413,4.45299
76,《說文》：“填，塞也。从土，真聲。”,kde,https://xiaoxue.iis.sinica.edu.tw/yanbian?kaiOrder=1,chinese,train,76,False,,15.370803,5.745868
77,段玉裁注：“《周禮．籩人記》、《曲禮．內則》、《左傳》、《毛詩》字皆作榛。”,kde,https://xiaoxue.iis.sinica.edu.tw/yanbian?kaiOrder=1,chinese,train,77,False,,12.9158125,-2.8663893
78,《說文》：“，亡也，从亡無聲；无，奇字无，通於元者，王育說：‘天屈西北為无。’”,kde,https://xiaoxue.iis.sinica.edu.tw/yanbian?kaiOrder=1,chinese,train,78,False,,17.586668,6.0249386
79,林義光《文源》：“按：有非‘不宜有’之義。有，持有也。古从又持肉，不从月。”,kde,https://xiaoxue.iis.sinica.edu.tw/yanbian?kaiOrder=1,chinese,train,79,False,,15.153266,8.594403
81,《說文》：“秦，伯益之後所封國，地宜禾。从禾，舂省。一曰秦，禾名。，籀文秦从秝。”,kde,https://xiaoxue.iis.sinica.edu.tw/yanbian?kaiOrder=1,chinese,train,81,False,,12.205437,6.778846
82,徐鍇繫傳：“舂禾為秦，會意字也。”,kde,https://xiaoxue.iis.sinica.edu.tw/yanbian?kaiOrder=1,chinese,train,82,False,,11.4236145,6.871812
84,《說文》：“楚，叢木。一名荊也。从林，疋聲。”,kde,https://xiaoxue.iis.sinica.edu.tw/yanbian?kaiOrder=1,chinese,train,84,False,,15.243685,4.985673
85,《說文》：“周，密也。从用、口。，古文周字从古文及。”,kde,https://xiaoxue.iis.sinica.edu.tw/yanbian?kaiOrder=1,chinese,train,85,False,,13.516672,5.4613075
86,《漢語大字典》按：“古文字三用三橫畫表示，是原始記數符號。＂,kde,https://xiaoxue.iis.sinica.edu.tw/yanbian?kaiOrder=1,chinese,train,86,False,,-3.5196154,6.922542
87,《說文》：“宇，屋邊也。从宀，于聲。《易》曰：‘上棟下宇’。，籀文宇从禹。”,kde,https://xiaoxue.iis.sinica.edu.tw/yanbian?kaiOrder=1,chinese,train,87,False,,13.779525,6.6371202
89,徐鍇繫傳：“此本象鳥棲也。”商承祚《殷墟文字類編》：“今諸文正象鳥巢狀。”,kde,https://xiaoxue.iis.sinica.edu.tw/yanbian?kaiOrder=1,chinese,train,89,False,,17.945835,1.9774292
90,《漢語大字典》按：“男，從力、田，力字即像耒形。＂,kde,https://xiaoxue.iis.sinica.edu.tw/yanbian?kaiOrder=1,chinese,train,90,False,,7.903548,5.5966945
91,李孝定《甲骨文字集釋》：“栔文从目，外象面部匡廓之形，蓋面部五官中最足引人注意的者莫過於目，故面字从之也。篆文从𦣻，則从口無義可說，乃从目之譌。”,kde,https://xiaoxue.iis.sinica.edu.tw/yanbian?kaiOrder=1,chinese,train,91,False,,6.6884503,3.035247
93,徐灝注箋：“象指、掌之形。小篆中畫微曲，書勢取茂美也。”,kde,https://xiaoxue.iis.sinica.edu.tw/yanbian?kaiOrder=1,chinese,train,93,False,,6.93437,0.42370012
94,徐鍇繫傳：“囗象股脛之形。”楊樹達《積微居小學述林》：“股、脛、蹠、跟全部為足，足从囗者，象股脛周圍之形。人體股脛在上，跟蹠在下，依人所視，象股脛之囗當在上層，象蹠跟之止當在下層。然文字之象形，但有平面，無立體，故止能以囗上止下表之也。”,kde,https://xiaoxue.iis.sinica.edu.tw/yanbian?kaiOrder=1,chinese,train,94,False,,8.440938,1.6264054
95,《漢語大字典》按：“王筠句讀以為｀从𦫳’二字，乃後人增補，云：｀先有羊而後有𦫳，羊字不可從𦫳也。’”容庚《金文編》卷四：“羊，象羊首形。＂,kde,https://xiaoxue.iis.sinica.edu.tw/yanbian?kaiOrder=1,chinese,train,95,False,,8.338585,3.5407503
96,徐灝注箋：“古文、鐘鼎文象上下弦之形，日象圜形，故月象其闕也。小篆相承取字形茂美耳。”,kde,https://xiaoxue.iis.sinica.edu.tw/yanbian?kaiOrder=1,chinese,train,96,False,,6.835874,0.43255484
97,《說文》：“靁，陰陽薄動，靁雨生物者也，从雨，畾象回轉形。，古文靁。，古文靁。，籀文，靁間有回，回，靁聲也。”,kde,https://xiaoxue.iis.sinica.edu.tw/yanbian?kaiOrder=1,chinese,train,97,False,,12.34585,4.99138
98,桂馥義證：“就高也者，《孟子》：‘為高必因邱陵。’《九經字樣》：‘京，人所居高丘也。’就字从之。馥按：此言人就高以居也。”,kde,https://xiaoxue.iis.sinica.edu.tw/yanbian?kaiOrder=1,chinese,train,98,False,,21.192007,0.81955415
100,林義光《文源》：“八、分双聲對轉，實本同字。”高鴻縉《中國字例》：“八之本意為分，取假象分背之形，指事字……後世借用為數目八九之八，久而不返，乃如刀為意符作分。”,kde,https://xiaoxue.iis.sinica.edu.tw/yanbian?kaiOrder=1,chinese,train,100,False,,15.924189,9.411781
104,金文中賞賜鉞，見於師克盨（《集成》04467、04468）和虢季子白盤（《集成》10173），師克是掌管左右虎臣的軍事長官，虢季子白參與了對獫狁的作戰並大獲勝利。,ksd,https://www.fdgwz.org.cn/Web/Show/13353,chinese,train,104,False,,7.959351,-7.9150143
105,“屎”，李家浩先生曾對相關之字做過考釋[56]，即金文中“”、“”等字的異體。金文中“”、“”、“”、“”常表示訓“繼”之“纘/纂”[57]，鎛銘“屎”亦讀爲訓“繼”之“纘/纂”。,ksd,https://www.fdgwz.org.cn/Web/Show/13353,chinese,train,105,False,,7.5874243,19.447706
106,焂戒鼎（《銘圖》02279）“”作“”，人形下從兩小點。它們與一般的“”字人形、隹形間作一個小點或小竪筆有別，應看作“”的變體。,ksd,https://www.fdgwz.org.cn/Web/Show/13353,chinese,train,106,False,,4.5833054,-0.29914212
107,近年來，山西省黎城縣西關村周代墓葬中有出土了多件楷（黎）國的銅器，爲春秋時黎國的研究提供了很好的資料。,ksd,https://www.fdgwz.org.cn/Web/Show/13353,chinese,train,107,False,,-11.233494,6.264986
108,學者們對獫狁的族屬、方位以及它所涉戰爭的時間、地點等問題的研究由來已久,ksd,https://www.fdgwz.org.cn/Web/Show/13353,chinese,train,108,False,,-8.250562,7.9031105
109,岹山，山名，當是此次與獫狁作戰的地點，待考,ksd,https://www.fdgwz.org.cn/Web/Show/13353,chinese,train,109,False,,-9.369748,-3.4000208
110,陽，指山南之陽，與前文用作“曩”的“陽”不同。,ksd,https://www.fdgwz.org.cn/Web/Show/13353,chinese,train,110,False,,6.637181,-3.9558938
112,後來看到郭永秉先生主張“倝”字應讀為“旱”[4]，聲韻密合，長久以來我都相信郭先生的意見。,ksd,https://www.fdgwz.org.cn/Web/Show/13350,chinese,train,112,False,,9.119348,15.618944
113,蘇建洲先生已經指出，整理者所隸定的“”，應釋為“倝”，並將“倝”讀為“爰”。[2],ksd,https://www.fdgwz.org.cn/Web/Show/13350,chinese,train,113,False,,7.685481,17.519585
114,復旦讀書會認為此字似是“葉”之訛變。,ksd,https://www.fdgwz.org.cn/Web/Show/13350,chinese,train,114,False,,12.796319,11.247442
115,綜上所述，我們將《李頌》重新釋寫於下：,ksd,https://www.fdgwz.org.cn/Web/Show/13350,chinese,train,115,False,,20.786526,12.696314
118,案《李頌》的“喿”作：，與常見的楚文字樹葉之“葉”字作 ，並不相近，只有侯馬盟書中委質類（編號185·7）名“枼”的人名作：,ksd,https://www.fdgwz.org.cn/Web/Show/13350,chinese,train,118,False,,11.092242,23.620378
121,将其解释为熟睡、睡着之义，文从字顺。其下文的“梦之”也可以证明“卧出”的具体含义，且“梦之”可与“与人战斲（斗）”句读在一起，整句即：“卧出，梦之与人战斲（斗）”。,ksd,https://www.fdgwz.org.cn/Web/Show/13369,chinese,train,121,False,,21.694794,19.088943
122,但是李豪先生将其与佛家的解释联系起来，似未得“卧出”之“出”的语义由来和真正含义。,ksd,https://www.fdgwz.org.cn/Web/Show/13369,chinese,train,122,False,,20.841917,17.64214
123,如果断读为“安等卧，出”就会让人理解为安等人已经卧躺睡觉，然后又突然出去了，为何又出去？,ksd,https://www.fdgwz.org.cn/Web/Show/13369,chinese,train,123,False,,19.945944,20.01595
125,由此可见整理者的句读及理解有误。“卧”“出”应该被句读在一起，表示熟睡之义。,ksd,https://www.fdgwz.org.cn/Web/Show/13369,chinese,train,125,False,,21.132498,19.241543
126,明代朱橚《普济方·卷二百三十五劳瘵门》曰：“其为状也，发干而耸，或聚或散，或腹中有块，或脑后两边有小结，多者乃至五六，或卧出盗汗，梦与鬼交，虽目视分明，而四肢无力，上气食少，渐就沉羸”。,ksd,https://www.fdgwz.org.cn/Web/Show/13369,chinese,train,126,False,,15.592592,-16.446142
127,此方是治疗结核病的药方，其中“或卧出盗汗，梦与鬼交”一句与上论北京大学藏秦简内容可互参。,ksd,https://www.fdgwz.org.cn/Web/Show/13369,chinese,train,127,False,,-10.441995,-22.254148
128,其中在“有顷，安等皆卧，出。伐刑杀安等，置赤衣死（尸）所，盗取衣器，去买（卖）行道者所”一段内容里，整理者将“卧”和“出”单独句读，且缺释。陶安先生的释文注释亦如此，且将此处翻译为“不久，安等都躺下睡了，我（就）出来了”。,ksd,https://www.fdgwz.org.cn/Web/Show/13369,chinese,train,128,False,,20.752966,20.529743
129,同时引唐代湛然的解释，认为“出”是一种入睡的状态，并认为“卧出”最初是联动结构，词汇化后可看作述补结构。,ksd,https://www.fdgwz.org.cn/Web/Show/13369,chinese,train,129,False,,20.485191,19.027262
130,我们认为李豪先生的改释正确可从。,ksd,https://www.fdgwz.org.cn/Web/Show/13369,chinese,train,130,False,,20.827229,15.143931
131,上述諸字在形體特征上有明顯的相似之處，一些字上部從“厤”，“厂”形又可作“石”形（D1）或“石”省形（E1），“秝”形則也可以作“兼”形。,ksd,https://www.fdgwz.org.cn/Web/Show/13365,chinese,train,131,False,,5.3410025,9.433243
133,一些學者認為是該部件從“𠪊/廉”省變而來，[7]另一些學者則認為其可以和西周金文中常見“蔑𤯍”之“𤯍”聯繫起來。,ksd,https://www.fdgwz.org.cn/Web/Show/13365,chinese,train,133,False,,11.069037,20.120659
134,整理者將辭例（1）中的該字讀為“厤”，訓爲“治”；至於辭例（2）中的“𡐰”字，整理者在注釋中言其“从厤聲，讀爲‘益’，訓爲增添”。,ksd,https://www.fdgwz.org.cn/Web/Show/13365,chinese,train,134,False,,7.332223,17.522738
135,劉剛先生將兩處“𡐰”皆讀為“歉”，辭例（1）可改讀為“老弱饉歉者”，“饉歉”和“飢饉”類似,ksd,https://www.fdgwz.org.cn/Web/Show/13365,chinese,train,135,False,,12.662952,16.412443
137,陳斯鵬先生也是從金文“蔑𤯍”問題入手，將這兩例“𡐰”讀為“勞”，“勤勞”、“增勞”也都很自然。,ksd,https://www.fdgwz.org.cn/Web/Show/13365,chinese,train,137,False,,10.314775,18.113474
139,由此看來，對於《越公其事》中的“𡐰”字，各方讀法皆有令人不滿意的地方，尚需研究。,ksd,https://www.fdgwz.org.cn/Web/Show/13365,chinese,train,139,False,,13.995302,17.30242
140,綜上，清華簡《越公其事》中“𡐰”皆以讀“歉”說更佳。,ksd,https://www.fdgwz.org.cn/Web/Show/13365,chinese,train,140,False,,13.641531,16.795408
141,銘文内容與《銘圖》01894同，器形相近，僅鼎腹紋飾不同。《銘四》0140未記錄出土信息，不知是否爲科學發掘所得,ksd,https://www.fdgwz.org.cn/Web/Show/13360,chinese,train,141,False,,-8.806831,3.5019116
142,與《銘三》0164重出。《銘三》所記錄出土信息有誤，當以《銘四》爲是。,ksd,https://www.fdgwz.org.cn/Web/Show/13360,chinese,train,142,False,,-9.027983,2.6303303
143,《銘四》釋文“曾子□□吉金”，認爲第一列下部可補兩字。,ksd,https://www.fdgwz.org.cn/Web/Show/13360,chinese,train,143,False,,-0.9592079,9.784467
145,第一列最下部應還有一字，爲“吉金”之謂語動詞（用、擇一類），故“曾子”之後當缺三字。,ksd,https://www.fdgwz.org.cn/Web/Show/13360,chinese,train,145,False,,-1.1773082,9.670816
146,“五”前一字作“IMG_256”，似是“鼎”字，“作+器物+數量”金文常見。,ksd,https://www.fdgwz.org.cn/Web/Show/13360,chinese,train,146,False,,-5.2646165,3.111317
147,與《銘三》0283重出。,ksd,https://www.fdgwz.org.cn/Web/Show/13360,chinese,train,147,False,,-9.276401,2.0786285
148,由此推估，“中”或可讀爲“仲舅”[9]，即今日所謂“二舅”。,ksd,https://www.fdgwz.org.cn/Web/Show/13360,chinese,train,148,False,,2.9519339,-6.1090865
149,若爲同一器，可據《銘圖》03025補出銘文末尾族氏銘文“IMG_256”。,ksd,https://www.fdgwz.org.cn/Web/Show/13360,chinese,train,149,False,,-5.418241,2.5271027
150,所謂“弘”字作“IMG_256”，應改釋爲“引”，故該器應稱爲“引甗”。,ksd,https://www.fdgwz.org.cn/Web/Show/13360,chinese,train,150,False,,-5.1984954,2.0843027
151,復旦大學出土文獻與古文字研究中心通訊（2025年）,noise,https://www.fdgwz.org.cn/,chinese,train,151,False,,-21.096916,5.3880754
152,中心網站2026年第一季度論文打包,noise,https://www.fdgwz.org.cn/,chinese,train,152,False,,-21.394707,4.02706
153,我中心兩項成果入選國家語委“黨的十八大以來語言文字事業改革發展成就”,noise,https://www.fdgwz.org.cn/Web/List/1,chinese,train,153,False,,-25.216553,7.499981
155,郭永秉教授入選2015年度上海市“曙光計劃”項目,noise,https://www.fdgwz.org.cn/Web/List/1?page=2,chinese,train,155,False,,-26.088934,5.98387
157,2010年度國家社科基金重大招標項目《馬王堆漢墓簡帛字詞全編》開題,noise,https://www.fdgwz.org.cn/Web/List/1?page=3,chinese,train,157,False,,-22.591633,6.3268948
159,田炜博士“西周金文字词关系研究”获国家社科基金青年项目资助,noise,https://www.fdgwz.org.cn/Web/List/1?page=4,chinese,train,159,False,,-25.488758,6.9227614
160,《长沙马王堆汉墓简帛集成》编纂出版合作协议签字仪式在复旦大学举行,noise,vhttps://www.fdgwz.org.cn/Web/List/1?page=5,chinese,train,160,False,,-23.05332,5.6088905
161,本信息庫包括《甲骨文合集》出版以來學界眾多學者的甲骨綴合成果信息，涵蓋公開出版物、學術網站等多個信息來源。目前庫內共有6600餘條綴合信息，並將持續更新。,noise,https://www.fdgwz.org.cn/ZhuiHeLab/Home,chinese,train,161,False,,-15.196995,18.15316
162,本庫亦支持模糊檢索，即在片號位數相合時，無需輸入著録簡稱也能查得相應綴合信息，模糊檢索結果較多時，檢索頁面僅顯示50條信息，我們會在底部注明檢索結果的總數。,noise,https://www.fdgwz.org.cn/ZhuiHeLab/Home,chinese,train,162,False,,-16.777243,17.833086
163,綴合情況：以“+”表示綴合，“—”表示遙綴，較複雜的綴合會在備注欄說明。用括號適當標注甲骨的不同來源信息。用“〖正〗”“〖反〗”表示甲骨正反兩面的信息。用“（）”“〔〕”“【】”等符號體現綴合信息的層次。,noise,https://www.fdgwz.org.cn/ZhuiHeLab/Home,chinese,train,163,False,,-11.880374,18.922327
164,綴合信息來源網站主要是先秦史研究室網站（www.xianqin.org），涉及發表在該網站的綴合，即直接提供對應的網址，數據由中心甲骨讀書會（張昂、楊熠、黃博、程名卉）整理。相關數據若存在版權問題，請及時與我們聯繫。,noise,https://www.fdgwz.org.cn/ZhuiHeLab/Home,chinese,train,164,False,,-12.7704935,18.093458
165,①綴合者（作者）的重要意見；②學者對於該綴合的重要意見，如實物驗證結果，綴合是否成立等；③學術網站中網友的重要留言，以“網友‘某某’留言”的形式體現,noise,https://www.fdgwz.org.cn/ZhuiHeLab/Home,chinese,train,165,False,,-11.972212,19.929455
166,我們後續將對《甲骨文合集》出版前的學界綴合成果加以整理，以完善本信息庫，待數據較爲完備時即編製以“著録專書”“綴合學者”等爲主題的分庫，以滿足不同檢索需求；並將適時推出“甲骨著録信息庫”等，以實現聯合檢索，敬請關注。,noise,https://www.fdgwz.org.cn/ZhuiHeLab/Home,chinese,train,166,False,,-14.644824,17.751633
168,過去，甲骨綴合成果散見多處，不便檢索。蔡哲茂先生和黃天樹先生團隊編製綴合總表，並續加更新，爲學界提供了極大便利，也爲我們編纂綴合庫樹立了榜樣。謹此致以崇高的敬意。,noise,https://www.fdgwz.org.cn/ZhuiHeLab/Home,chinese,train,168,False,,-14.063314,17.679333
170,目前庫內共有綴合信息6600餘條，並將持續更新。綴合庫堅持開放原則，內置交流反饋功能，使讀者與編纂人員得以良性互動。,noise,https://www.fdgwz.org.cn/ZhuiHeLab/Home,chinese,train,170,False,,-16.203585,18.466251
173,過去為了找一個字，要在一套一套工具書間翻找，光是查詢就要耗掉半天，現在則縮短到了一秒之間,noise,https://xiaoxue.iis.sinica.edu.tw/guide/,chinese,train,173,False,,-26.258446,-9.681176
175,漢字古今字資料庫由行政院國家科學委員會經費補助，中央研究院歷史語言研究所和資訊科學研究所共同開發，歡迎大家使用！ (2013/04/22),noise,https://xiaoxue.iis.sinica.edu.tw/ccdb,chinese,train,175,False,,-19.045824,7.9145765
176,適用瀏覽器：IE 8.0 以上版本、Firefox 4 以上版本、Google Chrome、Safari 5 以上版本,noise,https://xiaoxue.iis.sinica.edu.tw/ccdb,chinese,train,176,False,,-28.318825,-9.39339
179,快速取得操作指引,noise,https://xiaoxue.iis.sinica.edu.tw/ccdb,chinese,train,179,False,,-23.85624,-8.670992
181,小學堂王心怡古圖象文字藝術,noise,https://xiaoxue.iis.sinica.edu.tw/artwork/,chinese,train,181,False,,-18.593607,5.1399503
182,甲骨文主要採用《甲骨文摹釋總集》（甲骨文合集1-13、小屯南地甲骨、英國所藏甲骨、花園莊東地甲骨）,noise,https://inscription.asdc.sinica.edu.tw/c_index.php,chinese,train,182,False,,-11.443881,15.068688
183,金文則收錄《殷周金文集成》、《新收殷周青銅器銘文暨器影彙編》，以2005年以前出土的青銅銘文為主,noise,https://inscription.asdc.sinica.edu.tw/c_index.php,chinese,train,183,False,,-14.85862,8.289503
184,簡牘包括《楚帛書甲乙丙本》、《曾侯乙墓竹簡》、《包山楚墓竹簡》、《望山楚墓竹簡》、《江陵九店東周墓竹簡》、《郭店楚墓竹簡》、《新蔡葛陵楚墓竹簡》七種文本的詞彙資料， 以上材料提供詞彙檢索及全文檢索,noise,https://inscription.asdc.sinica.edu.tw/c_index.php,chinese,train,184,False,,-16.10812,12.586655
186,現階段詞彙共收錄約13萬筆，每個詞彙包括出處、編號、上下文，便於使用者回查與檢閱，幫助理解詞彙意義。,noise,https://inscription.asdc.sinica.edu.tw/c_index.php,chinese,train,186,False,,-15.6404915,14.797982
189,特色在於打破材質作為前提的預設，以詞彙本身為焦點，橫跨不同時代觀察詞彙的流變。,noise,https://inscription.asdc.sinica.edu.tw/c_index.php,chinese,train,189,False,,-5.374974,15.039488
190,並結合「GIS地理資訊系統」，即時觀看青銅器歷史地圖，了解器物出土地分布狀況；依考古報告繪製的「墓葬平面圖」，標誌各器物出土時在墓葬的實際位置，提供研究者及普羅大眾詳實且便捷的青銅器和金文知識。,noise,https://inscription.asdc.sinica.edu.tw/c_index.php,chinese,train,190,False,,-12.134208,8.050229
191,「殷周青銅器地理資訊WebGIS系統」根據譚其驤先生《中國歷史地圖集》所提供的資訊，以及近代學人的研究、考古發掘報告等，套疊google地形圖，還原殷商、西周、春秋、戰國諸時期的河川、國名、地名、城邑的變化，以此製作空間之定位。,noise,https://inscription.asdc.sinica.edu.tw/c_index.php,chinese,train,191,False,,-13.259967,6.3878064
192,利用地理資訊系統的支援以及地圖對照，清楚呈現青銅器出土地理位置，有助於審視時、地、器物之間的交互關係。,noise,https://inscription.asdc.sinica.edu.tw/c_index.php,chinese,train,192,False,,-12.127466,8.123688
193,多為前故所長傅斯年先生向收藏名家吳式芬、劉體智、陳介祺等人所購得。,noise,https://inscription.asdc.sinica.edu.tw/c_index.php,chinese,train,193,False,,-2.8949888,-4.4713035
195,殷周金文暨青銅器資料庫,noise,https://inscription.asdc.sinica.edu.tw/c_index.php,chinese,train,195,False,,-15.152864,6.8339696
197,資料庫提供中國歷代字形，包括部件檢字功能、字形結構、異體字表、字形索引、字形演變等，先秦字體包含甲骨、金文、簡牘、小篆等各式字體，方便查詢和應用。,noise,https://inscription.asdc.sinica.edu.tw/c_index.php,chinese,train,197,False,,-13.839187,13.590104
200,「古文字關係文獻網」為輔助「金文暨青銅器資料庫」及「先秦甲骨金文簡牘詞彙資料庫」之需，在查詢青銅器與語彙資料外，能夠聯繫相關古文字、歷史、考古之研究成果。,noise,https://inscription.asdc.sinica.edu.tw/c_index.php,chinese,train,200,False,,-13.886034,12.332494
201,病駒禁有,kpt,https://inscription.asdc.sinica.edu.tw/c_index.php,chinese,train,201,False,,-7.8267894,-17.879885
202,內（芮）公乍（作）彳（從）鐘，子孫永寶用。,kpt,https://inscription.asdc.sinica.edu.tw/c_index.php,chinese,train,202,False,,1.0327822,-8.626396
203,福無疆，犮首（髮）其萬年子子孫孫永寶。,kpt,https://inscription.asdc.sinica.edu.tw/c_index.php,chinese,train,203,False,,-0.76289624,-6.257932
204,秦王卑（畢）命，競（景）坪（平）王之定救秦戎。,kpt,https://inscription.asdc.sinica.edu.tw/c_index.php,chinese,train,204,False,,-2.6479447,-20.249275
205,舟（朕）皇考弔（叔）旅魚父，豐泉，降多福無。,kpt,https://inscription.asdc.sinica.edu.tw/c_index.php,chinese,train,205,False,,4.430753,-9.196596
206,鑄（祝）侯求乍（作）季姜朕（媵）鐘，其子子孫孫永（享）用之。,kpt,https://inscription.asdc.sinica.edu.tw/c_index.php,chinese,train,206,False,,1.737757,-8.755067
207,宮令宰僕易（賜）由由（甹）白金十勻（鈞），由由（甹）敢拜旨頁首。,kpt,https://inscription.asdc.sinica.edu.tw/c_index.php,chinese,train,207,False,,6.529509,-9.9570675
208,用樂嘉賓、父兄（兄）、大夫、倗（朋）友，余武于戎攻（功）霝聞。,kpt,https://inscription.asdc.sinica.edu.tw/c_index.php,chinese,train,208,False,,4.908397,-8.187756
209,八月初吉，日隹（唯）己未，王子嬰次自乍（作）者（堵）鐘，永用匽（宴）喜。,kpt,https://inscription.asdc.sinica.edu.tw/c_index.php,chinese,train,209,False,,2.637755,-12.216508
210,隹（唯）鄀正四月，鄀公敄人，徒，皇且（祖）哀公、皇考公頁（眉）壽萬年無彊（疆），子孫永□□。,kpt,https://inscription.asdc.sinica.edu.tw/c_index.php,chinese,train,210,False,,5.181181,-12.13783
211,鍚戈彤尾少（緌），用韭井丮于公室，僕庸臣妾，小子室家，母（毋）有不聞智（知），,kpt,https://inscription.asdc.sinica.edu.tw/c_index.php,chinese,train,211,False,,4.785571,-16.087082
213,隹（唯）正月初吉丁亥，楚王賸（媵）邛中（仲）嬭南龢鐘，其頁（眉）壽無彊（疆），子孫永保用之。,kpt,https://inscription.asdc.sinica.edu.tw/c_index.php,chinese,train,213,False,,4.119063,-11.904072
214,丙寅貞侑于Ｔ９燎小羊卯牛一茲用不雨,kpt,https://inscription.asdc.sinica.edu.tw/c_index.php,chinese,train,214,False,,-9.529107,-14.401348
216,甲辰卜隹示又俘馬自大乙,kpt,https://inscription.asdc.sinica.edu.tw/c_index.php,chinese,train,216,False,,-6.741228,-12.936529
217,丁貞乙亥酉餗,kpt,https://inscription.asdc.sinica.edu.tw/c_index.php,chinese,train,217,False,,-10.28504,-10.074749
218,乙未貞侑自祖乙至于　茲用,kpt,https://inscription.asdc.sinica.edu.tw/c_index.php,chinese,train,218,False,,-7.1872067,-10.419109
219,貞其禾高祖,kpt,https://inscription.asdc.sinica.edu.tw/c_index.php,chinese,train,219,False,,-9.351883,-8.760909
220,辛巳貞雨不既其燎于亳土,kpt,https://inscription.asdc.sinica.edu.tw/c_index.php,chinese,train,220,False,,-8.65886,-14.407632
221,甲寅貞伊歲遘匚丁日,kpt,https://inscription.asdc.sinica.edu.tw/c_index.php,chinese,train,221,False,,-10.5139,-10.582929
224,辛巳卜貞王亥上甲即宗于河,kpt,https://inscription.asdc.sinica.edu.tw/c_index.php,chinese,train,224,False,,-8.389698,-13.048967
225,癸酉卜侑牢,kpt,https://inscription.asdc.sinica.edu.tw/c_index.php,chinese,train,225,False,,-12.389213,-10.853594
226,〔崔田一禾坐又五來，敔禾毋之〕三檐（擔）。崔田二禾坐，敔禾毋之四檐（擔）。崔田二禾坐又五來，敔禾毋之五檐（擔）。崔田三禾癸，敔禾毋之六檐（擔）。崔田三,kpt,https://inscription.asdc.sinica.edu.tw/c_index.php,chinese,train,226,False,,6.3960543,-17.055393
227,〔夏：建於〕巳，竷於午，皮於未，坪於申，寍於梄（酉），工於戌，坐於亥，盍於子，城於丑，復於寅，菀於卯，於（辰）。,kpt,https://inscription.asdc.sinica.edu.tw/c_index.php,chinese,train,227,False,,5.1695004,-23.078505
229,〔享月：建於〕午，竷於未，皮於申，坪於酉，寍於戌，工於亥，坐（危）於子，盍於丑，城於寅，復於卯，菀於（辰），於巳。,kpt,https://inscription.asdc.sinica.edu.tw/c_index.php,chinese,train,229,False,,5.1773205,-23.091015
230,凡復日，不吉，無為而可。,kpt,https://inscription.asdc.sinica.edu.tw/c_index.php,chinese,train,230,False,,-8.624268,-16.547054
232,五子，不可（以）作大事，不城（成），必毀，亓（其）身又（有）大咎；非,kpt,https://inscription.asdc.sinica.edu.tw/c_index.php,chinese,train,232,False,,8.654723,-19.23341
233,□土少。盍（蓋）東南之遇（宇），□□凥（居），必又（有）□□出□,kpt,https://inscription.asdc.sinica.edu.tw/c_index.php,chinese,train,233,False,,6.3318753,-15.881017
234,北吉，西以行，南又（有）得。寅，〔朝〕閟（閉）夕啟。凡五寅，朝〔逃（盜）〕得，晝得，夕不得。〔以內（入）〕，吉。以又（有）疾，午少翏（瘳），申大翏（瘳），死生才（在）□。,kpt,https://inscription.asdc.sinica.edu.tw/c_index.php,chinese,train,234,False,,6.5434976,-14.3550005
235,殺傷殹（也），貲二甲；殺傷馬,kpt,https://inscription.asdc.sinica.edu.tw/c_index.php,chinese,train,235,False,,-2.4532406,-14.286794
236,亡馬、牛、駒、犢、【羔】，馬、牛、駒、犢、【羔】皮及□皆入禁□□（官）,kpt,https://inscription.asdc.sinica.edu.tw/c_index.php,chinese,train,236,False,,-4.9227004,-17.529398
237,租者且出以律，告典、田典，典、田典令黔首皆智（知）之，及,kpt,https://inscription.asdc.sinica.edu.tw/c_index.php,chinese,train,237,False,,-1.2679974,-17.717028
238,部主者各二甲，令、丞、令史各一甲。□,kpt,https://inscription.asdc.sinica.edu.tw/c_index.php,chinese,train,238,False,,-2.476486,-16.602516
239,竇出入及毋（無）符傳而闌入門者，斬其男子左趾,kpt,https://inscription.asdc.sinica.edu.tw/c_index.php,chinese,train,239,False,,-5.3522744,-18.863623
240,復以紿假它人,kpt,https://inscription.asdc.sinica.edu.tw/c_index.php,chinese,train,240,False,,-6.6518826,-5.4119754
241,沒入其販假殹（也），錢財它物于縣、道官,kpt,https://inscription.asdc.sinica.edu.tw/c_index.php,chinese,train,241,False,,-5.9890904,-5.791268
242,殺之；河禁所殺犬，皆完入公,kpt,https://inscription.asdc.sinica.edu.tw/c_index.php,chinese,train,242,False,,-5.349249,-17.41403
243,土，思（使）又（有）宵又（有）朝，又（有）晝又（有）夕。,kpt,https://inscription.asdc.sinica.edu.tw/c_index.php,chinese,train,243,False,,6.8042336,-14.769357
244,紫魚之韔，虎莫毛之聶；二貂巂彔（綠）魚之箙，,kpt,https://inscription.asdc.sinica.edu.tw/c_index.php,chinese,train,244,False,,-0.052315075,-14.74184
249,貍聶，組綏。,kpt,https://inscription.asdc.sinica.edu.tw/c_index.php,chinese,train,249,False,,-9.354881,-6.1944904
250,一吳甲，紫巿之縢,kpt,https://inscription.asdc.sinica.edu.tw/c_index.php,chinese,train,250,False,,-10.987735,-6.9324455
251,丑」字甲骨、金文從又從◎，象手有指甲，◎象指爪尖利之形，本義是指爪。,kde,https://humanum.arts.cuhk.edu.hk/Lexis/lexi-mf/oraclePiece.php?piece=%E4%B8%91,chinese,train,251,False,,1.2593868,6.016379
254,甲骨文「𠬞人」，即徵集人眾，以備征伐。「𠬞牛」、「𠬞羊」即供牛、供羊，表示供給、供奉(參葉玉森)。,kde,https://humanum.arts.cuhk.edu.hk/Lexis/lexi-mf/oraclePiece.php?piece=%E5%B7%A6,chinese,train,254,False,,2.9472642,1.5803894
255,「廾」象兩手相拱，表示拱手。,kde,https://humanum.arts.cuhk.edu.hk/Lexis/lexi-mf/oraclePiece.php?piece=%E5%B7%A6,chinese,train,255,False,,5.8825316,-2.430631
256,「廾」與「𠬞」同，會拱手之意，是「拱」的初文。,kde,https://humanum.arts.cuhk.edu.hk/Lexis/lexi-mf/oraclePiece.php?piece=%E5%B7%A6,chinese,train,256,False,,6.1053767,-2.582475
257,「左」甲骨文乃早期金文作「𠂇」，象左手之形。,kde,https://humanum.arts.cuhk.edu.hk/Lexis/lexi-mf/oraclePiece.php?piece=%E5%B7%A6,chinese,train,257,False,,3.9024565,2.8148487
262,金文用作本義，宜侯夨簋：「庶人」，即平民。,kde,https://humanum.arts.cuhk.edu.hk/Lexis/lexi-mf/oraclePiece.php?piece=%E4%BA%BA,chinese,train,262,False,,1.3485811,-0.515152
263,《集韻．屑韻》：「卩，通作節。」參見「節」。,kde,https://humanum.arts.cuhk.edu.hk/Lexis/lexi-mf/oraclePiece.php?piece=%E4%BA%BA,chinese,train,263,False,,6.8794303,8.2335415
265,「尸」又可指代表死者的「神主牌」，古代「載尸以行」就是指持着神主牌巡行,kde,https://humanum.arts.cuhk.edu.hk/Lexis/lexi-mf/oraclePiece.php?piece=%E4%BA%BA,chinese,train,265,False,,0.8176769,20.994738
266,今人一般以為「尸」乃「屍」的簡體字，可以補充的是，「尸」本為繁體字，屍體的「屍」古借「尸」來表示，後來才加「死」為聲符分化出「屍」專門表示遺體。參見「屍」。,kde,https://humanum.arts.cuhk.edu.hk/Lexis/lexi-mf/oraclePiece.php?piece=%E4%BA%BA,chinese,train,266,False,,0.8324766,20.942736
267,「大」象成年人，本義是大人（與小童相對），引申為大。,kde,https://humanum.arts.cuhk.edu.hk/Lexis/lexi-mf/oraclePiece.php?piece=%E4%BA%BA,chinese,train,267,False,,24.636812,-2.881414
268,古文字「大」、「夫」是一字之分化，「大」這個字形本來既表示夫(成年男子)，又表示大(由大人、小孩的相對意義引申而有大義)。,kde,https://humanum.arts.cuhk.edu.hk/Lexis/lexi-mf/oraclePiece.php?piece=%E4%BA%BA,chinese,train,268,False,,24.688477,-2.914282
269,一短橫是沒有意義的飾筆。,kde,https://humanum.arts.cuhk.edu.hk/Lexis/lexi-mf/oraclePiece.php?piece=%E4%BA%BA,chinese,train,269,False,,-11.020185,-17.318266
270,「兀」與「元」古本同字，後來才分化為二字(林義光)，參見「元」,kde,https://humanum.arts.cuhk.edu.hk/Lexis/lexi-mf/oraclePiece.php?piece=%E4%BA%BA,chinese,train,270,False,,1.6424003,7.812413
271,甲金文均從二「人」，字象二人反向相依之形，疑以一正一反的人形，會顛倒變化之意，因此本義是變化。,kde,https://humanum.arts.cuhk.edu.hk/Lexis/lexi-mf/oraclePiece.php?piece=%E4%BA%BA,chinese,train,271,False,,3.6635182,4.8655553
273,甲骨文疑用作方國名，《合集》10275正：「乎(呼)化。」,kde,https://humanum.arts.cuhk.edu.hk/Lexis/lexi-mf/oraclePiece.php?piece=%E4%BA%BA,chinese,train,273,False,,-0.07941657,3.3819451
274,金文「化」或指教化，史惠鼎有「祭化」一詞，意指祭祀教化。字又用作人名，中子化盤：「中子化用保楚王，用正(征)梠(莒)」，意指中子化輔助楚王，征伐莒國。,kde,https://humanum.arts.cuhk.edu.hk/Lexis/lexi-mf/oraclePiece.php?piece=%E4%BA%BA,chinese,train,274,False,,9.212903,-5.0481615
277,段玉裁云：「本義謂相親密也。」,kde,https://humanum.arts.cuhk.edu.hk/Lexis/lexi-mf/oraclePiece.php?piece=%E4%BA%BA,chinese,train,277,False,,15.213536,-2.5314171
278,本義為射取鳥獸的矰矢。,kde,https://humanum.arts.cuhk.edu.hk/Lexis/lexi-mf/oraclePiece.php?piece=%E4%BA%BA,chinese,train,278,False,,-2.8724663,-11.74917
279,吳大澂認為繫箭而射是男子的事情，所以「弔」被借用作「叔」，作為男子的美稱。,kde,https://humanum.arts.cuhk.edu.hk/Lexis/lexi-mf/oraclePiece.php?piece=%E4%BA%BA,chinese,train,279,False,,5.0250773,24.48736
281,注：「羔豚，物生而肥。」「羔」指小羊，「豚」與之並舉，指小豬。,kde,https://humanum.arts.cuhk.edu.hk/Lexis/lexi-mf/oraclePiece.php?piece=%E8%82%89,chinese,train,281,False,,10.0287695,9.781009
282,《方言》：「豬，其子或謂之豚，或謂之豯。,kde,https://humanum.arts.cuhk.edu.hk/Lexis/lexi-mf/oraclePiece.php?piece=%E8%82%89,chinese,train,282,False,,9.612735,9.20724
284,另，混和油脂和香料而成的也稱為「膏」，《詩．衛風．伯兮》：「豈無膏沐」，朱熹集傳：「膏，所以澤髮者。」,kde,https://humanum.arts.cuhk.edu.hk/Lexis/lexi-mf/oraclePiece.php?piece=%E8%82%89,chinese,train,284,False,,23.702408,3.7228036
286,高亨《詩經今注》：「就，前往」，指每天每月都有進步，形容日積月累，持之有恆。,kde,https://humanum.arts.cuhk.edu.hk/Lexis/lexi-mf/oraclePiece.php?piece=%E4%BA%AC,chinese,train,286,False,,20.440647,-6.5010514
289,本義是高大的樓臺，引申有大義。高大的宮觀是帝王所居之處，所以「京」後來專門表示國都，如「京師」、「京城」。,kde,https://humanum.arts.cuhk.edu.hk/Lexis/lexi-mf/oraclePiece.php?piece=%E4%BA%AC,chinese,train,289,False,,22.367176,-0.51548594
290,《方言》卷五：「罃、甈謂之盎，自關而西或謂之盆，或謂之盎。」,kde,https://humanum.arts.cuhk.edu.hk/Lexis/lexi-mf/oraclePiece.php?piece=%E5%88%86,chinese,train,290,False,,9.62604,8.2912445
291,甲骨文用作地名，劉桓認為卜辭之「分」在漢臨汾一帶。,kde,https://humanum.arts.cuhk.edu.hk/Lexis/lexi-mf/oraclePiece.php?piece=%E5%88%86,chinese,train,291,False,,-1.2669909,4.131325
294,《廣韻》：「艿，草名，謂陳根草不芟新草又生，相因艿也。」,kde,https://humanum.arts.cuhk.edu.hk/Lexis/lexi-mf/oraclePiece.php?piece=%E4%B9%83,chinese,train,294,False,,10.210384,6.6811967
296,注云：「扔與仍音義同。」,kde,https://humanum.arts.cuhk.edu.hk/Lexis/lexi-mf/oraclePiece.php?piece=%E4%B9%83,chinese,train,296,False,,16.834637,-3.416592
297,《合集》32035：「王于宗門逆羌」，指王於宗廟的門前迎接獲得羌人俘虜而歸的將領。,kde,https://humanum.arts.cuhk.edu.hk/Lexis/lexi-mf/oraclePiece.php?piece=%E6%88%B6,chinese,train,297,False,,-4.076238,-21.89464
298,杜預注：「有寇攻門，二子禦之而死。」,kde,https://humanum.arts.cuhk.edu.hk/Lexis/lexi-mf/oraclePiece.php?piece=%E6%88%B6,chinese,train,298,False,,16.752346,-4.664453
300,上面(亼)象屋頂，下面(口)象儲糧的坑，中間是倉庫的門,kde,https://humanum.arts.cuhk.edu.hk/Lexis/lexi-mf/oraclePiece.php?piece=%E6%88%B6,chinese,train,300,False,,9.326056,-2.2471879
301,“古文字”與“古文字學”，都有狹義和廣義之分。“狹義的古文字”僅指“先秦的古漢字”（且不包括小篆），“廣義的古文字”則將秦漢時代的篆文與漢初古隸（時代大致在漢武帝之前）也一併包入。,ksd,https://www.fdgwz.org.cn/Web/Show/11138,chinese,train,301,False,,-7.4844823,11.665202
302,按一般傳統的分法，古文字學有以下幾大分支領域：甲骨學、青銅器與銘文研究（或稱“金文學”）、戰國文字研究、簡帛學。,ksd,https://www.fdgwz.org.cn/Web/Show/11138,chinese,train,302,False,,-8.613795,12.291702
304,“識字”“釋字”，是古文字學的基礎，新出戰國竹書對此起到了關鍵作用，成爲近二十多年來古文字釋讀的最大“增長點”和“動力”。,ksd,https://www.fdgwz.org.cn/Web/Show/11138,chinese,train,304,False,,-6.9065723,14.595667
307,對戰國竹書材料的整理，大家注意到的問題越來越多。,ksd,https://www.fdgwz.org.cn/Web/Show/11138,chinese,train,307,False,,-7.0590425,16.071777
308,在拼合、編聯與分篇日益得到全面重視的同時，又更注意到簡背劃痕/畫綫，印文乃至污痕及其所反映出的竹簡間關係，抄手字迹乃至文字的筆畫關係與書寫順序的研究，竹簡的分篇分卷及其編聯關係，等等。,ksd,https://www.fdgwz.org.cn/Web/Show/11138,chinese,train,308,False,,-6.145689,18.20474
310,按字迹對類組及其小類劃分得越來越細，對其間關係的認識也更加明晰。,ksd,https://www.fdgwz.org.cn/Web/Show/11138,chinese,train,310,False,,-5.7387424,17.85245
311,本文主要想梳理一下先秦漢語中“善”字的各種用法。,ksd,https://www.fdgwz.org.cn/Web/Show/11019,chinese,train,311,False,,26.972187,9.268692
312,不過，我們在討論了除《老子》之外的先秦漢語中“善”字的用法之後，仍要對“善”字字形表示的意義和“善”的本義略作討論。,ksd,https://www.fdgwz.org.cn/Web/Show/11019,chinese,train,312,False,,27.3324,9.440278
313,但是，需要指出，如果主體發出的行爲或表現的情狀是由外界觸發的，或者是由於身體上的原因如疾病等造成的，總之是主體難以甚至完全不能自主的，那麼，“善”一般就不能解釋爲“擅長”，而必須解釋爲“容易”或“多”。,ksd,https://www.fdgwz.org.cn/Web/Show/11019,chinese,train,313,False,,27.383684,15.953374
314,（二）賓語爲事物名稱或其代詞,ksd,https://www.fdgwz.org.cn/Web/Show/11019,chinese,train,314,False,,-19.06565,-14.186218
315,這種用例的意思，一般是説能把以所舉事物爲對象的某種或某些事做得很好，而這種或這些事是什麼在有關語境中通常是容易看出來的,ksd,https://www.fdgwz.org.cn/Web/Show/11019,chinese,train,315,False,,26.906425,17.03753
316,但有時没有説出的意思雖然大體上可以體會到，要選一個把意思表現得全面、恰當的詞卻很困難。,ksd,https://www.fdgwz.org.cn/Web/Show/11019,chinese,train,316,False,,26.699043,16.720491
317,這也許是人們要使用這種句式的原因之一。,ksd,https://www.fdgwz.org.cn/Web/Show/11019,chinese,train,317,False,,-19.63515,-15.972366
321,關鍵詞：傳抄古文、汗簡、古文四聲韻、集篆古文韻海,ksd,https://www.fdgwz.org.cn/Web/Show/4663,chinese,train,321,False,,-0.18560785,13.884856
322,另為方便敘述，討論中的字形組，有時會以??“△”符暫代。,ksd,https://www.fdgwz.org.cn/Web/Show/4663,chinese,train,322,False,,-3.1638591,17.177717
324,緣此之故，在歷代字書與傳抄古文中，此二偏旁偶有互作之例,ksd,https://www.fdgwz.org.cn/Web/Show/4663,chinese,train,324,False,,1.5435107,13.252939
326,二者應是一字之異體，是簡體B式與繁體的關係。,ksd,https://www.fdgwz.org.cn/Web/Show/4663,chinese,train,326,False,,3.8570414,12.547484
328,“古文”一詞的認知而言，唯有A類偏旁才能算是嚴格定義的真古文。,ksd,https://www.fdgwz.org.cn/Web/Show/4663,chinese,train,328,False,,0.94225925,15.127322
329,由傳抄古文首見字形的角度來看，从A類偏旁的傳抄古文，均能上溯至《說文》、三體石經、《汗簡》或《古文四聲韻》；而从B類偏旁的傳抄古文，可追溯至《汗簡》、《古文四聲韻》者,ksd,https://www.fdgwz.org.cn/Web/Show/4663,chinese,train,329,False,,0.43199134,14.108973
330,李春桃曾詳細評論上引各家說法,ksd,https://www.fdgwz.org.cn/Web/Show/4663,chinese,train,330,False,,22.184015,13.09862
332,隨著新資料的出現，這個字現在又得到大家的關注，[2]相關字形和辭例也繫聯得越來越多。,ksd,https://www.fdgwz.org.cn/Web/Show/4633,chinese,train,332,False,,-4.195885,17.40323
333,綜合起來看，此字用法主要分為兩類，其一和“獄”有關，其二和“明”字連用。我們先看第一類：,ksd,https://www.fdgwz.org.cn/Web/Show/4633,chinese,train,333,False,,4.792787,14.998011
334,這類用法陳劍、趙平安先生大多讀為“訟”，陳斯鵬先生讀為“譖”，都是往訴訟、訴告的方向考慮。,ksd,https://www.fdgwz.org.cn/Web/Show/4633,chinese,train,334,False,,9.880671,17.932978
335,我們覺得這應該是受傳世典籍“獄訟”說法的影響太大，沒有仔細審核古文字中用例所致。,ksd,https://www.fdgwz.org.cn/Web/Show/4633,chinese,train,335,False,,15.358734,18.182592
336,金文六例中此字用法一致，都是作審訊義動詞的賓語，而且都帶有“有”字。,ksd,https://www.fdgwz.org.cn/Web/Show/4633,chinese,train,336,False,,3.8983374,16.253881
337,《攝命》用了“協”，而清華簡《四告》則用了“和”。,ksd,https://www.fdgwz.org.cn/Web/Show/4633,chinese,train,337,False,,15.421672,14.320526
338,我們原來的文章中已經舉過戾聲和粦聲、文聲相通的例證，而“戾”字本身就有从犬立聲的寫法。,ksd,https://www.fdgwz.org.cn/Web/Show/4633,chinese,train,338,False,,10.689926,14.33692
339,上博簡《緇衣》簡8的字，趙平安先生認為和郭店簡《六德》的字是異體。其說可從。,ksd,https://www.fdgwz.org.cn/Web/Show/4633,chinese,train,339,False,,18.752409,10.707174
343,這樣文從字順，意義圓通。,ksd,https://www.fdgwz.org.cn/Web/Show/4568,chinese,train,343,False,,-19.326279,-15.112788
344,在春秋、戰國時期仍然存在，只不過用的並非遊覽義，且比較少見而已。,ksd,https://www.fdgwz.org.cn/Web/Show/4568,chinese,train,344,False,,-4.299567,-8.063204
345,“為遊”和“與遊”的意思差不多，就是與某人交友、來往的意思。而根據鮑彪的說法，“為遊”也可以直接理解為“為友”。,ksd,https://www.fdgwz.org.cn/Web/Show/4568,chinese,train,345,False,,20.936792,-7.8442574
348,但并不在中指上加圆点，解为臤字“省形”，不妥。,ksd,https://www.fdgwz.org.cn/Web/Show/2545,chinese,train,348,False,,2.9622529,-2.5013378
350,甲骨文有甲尾记事刻辞：,ksd,https://www.fdgwz.org.cn/Web/Show/2545,chinese,train,350,False,,0.35308716,3.5180368
352,“古文字與中華文明傳承發展工程”協同攻關創新平臺,noise,https://www.fdgwz.org.cn/Web/Show/11163,chinese,train,352,False,,-20.57638,6.771403
353,本文收稿日期为2024年6月22日,noise,https://www.fdgwz.org.cn/Web/Show/11163,chinese,train,353,False,,-25.798931,0.7384188
355,下载次数：101,noise,https://www.fdgwz.org.cn/Web/Show/11163,chinese,train,355,False,,-24.860548,-5.4428096
356,感谢上海屹超信息技术有限公司提供技术支持,noise,https://www.fdgwz.org.cn/Web/Show/11163,chinese,train,356,False,,-25.045471,-3.120342
357,總訪問量：9527563,noise,https://www.fdgwz.org.cn/Web/Show/11163,chinese,train,357,False,,-26.187054,-5.638655
358,分享到：,noise,https://www.fdgwz.org.cn/Web/Show/11163,chinese,train,358,False,,-23.111374,-5.07632
360,您当前的位置：首页 → 学者文库 → 详细文章,noise,https://www.fdgwz.org.cn/Web/Show/11138,chinese,train,360,False,,-27.981792,-2.3812175
362,推荐使用IE9以上版本或非IE内核的浏览器。IE浏览器请取消兼容性设置，非IE内核浏览器也无需使用兼容模式。,noise,https://www.fdgwz.org.cn/Web/Show/11262,chinese,train,362,False,,-28.091457,-9.19557
363,共 187 条记录， 页 3/7,noise,https://www.fdgwz.org.cn/Web/Show_List/13/20?page=3,chinese,train,363,False,,-26.51216,-1.7183919
365,編纂人員：康博文、沈思聰、林秉銷,noise,https://www.fdgwz.org.cn/GuanLianHanQing/Home,chinese,train,365,False,,-16.435535,-0.46838516
366,策劃統籌：張傳官,noise,https://www.fdgwz.org.cn/GuanLianHanQing/Home,chinese,train,366,False,,-17.325804,-1.4951444
367,二、致謝,noise,https://www.fdgwz.org.cn/GuanLianHanQing/Home,chinese,train,367,False,,-21.207481,-6.8309946
368,http://www.fdgwz.org.cn/guanlianhanqing/Home）。,noise,https://www.fdgwz.org.cn/GuanLianHanQing/Home,chinese,train,368,False,,-28.049774,-4.191072
370,簡號示例,noise,https://www.fdgwz.org.cn/GuanLianHanQing/Home,chinese,train,370,False,,-22.051659,-11.506589
371,徵稿啟事,noise,https://www.fdgwz.org.cn/,chinese,train,371,False,,-19.01731,-5.580423
372,公告,noise,https://www.fdgwz.org.cn/,chinese,train,372,False,,-19.827538,-5.236036
373,查看更多,noise,https://www.fdgwz.org.cn/,chinese,train,373,False,,-22.527716,-4.741128
374,吉林大学 校内办公 图书馆 牡丹园,noise,https://gujisuo.jlu.edu.cn/,chinese,train,374,False,,-30.632214,2.8337107
375,关于开展2025年度吉林大学校本应用专题研究项目申报工作的通知,noise,https://gujisuo.jlu.edu.cn/info/1011/2756.htm,chinese,train,375,False,,-28.68566,3.783253
377,一、申报方向和选题,noise,https://gujisuo.jlu.edu.cn/info/1011/2756.htm,chinese,train,377,False,,-21.85328,-8.353158
378,四、结项要求,noise,https://gujisuo.jlu.edu.cn/info/1011/2756.htm,chinese,train,378,False,,-22.085125,-7.6628227
379,政策与法规办公室,noise,https://gujisuo.jlu.edu.cn/info/1011/2756.htm,chinese,train,379,False,,-19.433386,-3.1503513
380,邮编：130012,noise,https://gujisuo.jlu.edu.cn/info/1011/2756.htm,chinese,train,380,False,,-17.260248,-3.7495818
381,E-mail:zhhl@jlu.edu.cn,noise,https://gujisuo.jlu.edu.cn/info/1011/2756.htm,chinese,train,381,False,,-28.82235,-2.2389483
382,科研动态,noise,https://gujisuo.jlu.edu.cn/info/1011/2756.htm,chinese,train,382,False,,-21.403938,-1.9167169
383,本次座谈会由2024级学生蒋晓斐主持，研一研二全体同学参加,noise,https://gujisuo.jlu.edu.cn/info/1028/2946.htm,chinese,train,383,False,,-26.20218,2.338858
384,在科研学习中脚踏实地、勇于探索，在成长路上不断提升自我，以昂扬姿态奔赴新学期的新征程，在专业领域深耕细作、学有所成。,noise,https://gujisuo.jlu.edu.cn/info/1028/2946.htm,chinese,train,384,False,,-31.839396,-6.242723
385,生活上保持规律作息、坚持体育锻炼，平衡学习与休息，提升自我管理能力与综合素养，以积极健康的心态迎接新挑战。,noise,https://gujisuo.jlu.edu.cn/info/1028/2946.htm,chinese,train,385,False,,-31.630312,-6.52871
387,（三）成绩及录取,noise,https://gujisuo.jlu.edu.cn/info/1029/2928.htm,chinese,train,387,False,,-20.600355,-8.42399
389,公示期为3日。,noise,https://gujisuo.jlu.edu.cn/info/1029/2928.htm,chinese,train,389,False,,-23.728298,-0.5140881
390,但不合格者不予录取。,noise,https://gujisuo.jlu.edu.cn/info/1029/2928.htm,chinese,train,390,False,,-18.526077,-9.47376
392,中国社会科学院历史研究所,noise,https://www.xianqin.org/blog/,chinese,train,392,False,,-20.966455,0.5422495
393,沉痛哀悼李学勤先生,noise,https://www.xianqin.org/blog/,chinese,train,393,False,,-23.80467,-2.6042244
394,河南师范大学甲骨鉴定中心简介,noise,https://www.xianqin.org/blog/,chinese,train,394,False,,-21.573618,1.4631816
395,荣退研究员,noise,https://www.xianqin.org/blog/,chinese,train,395,False,,-20.930166,-1.5466765
397,“電子摹本製作——第二屆先秦史研究室網站作者交流會”會議紀要,noise,https://www.xianqin.org/blog/archives/category/jgw_shang_center,chinese,train,397,False,,-21.840694,7.656077
399,Powered by Wordpress & 沃普斯科技,noise,https://www.xianqin.org/blog/%e6%ac%a2%e8%bf%8e%e6%8a%95%e7%a8%bf,chinese,train,399,False,,-25.725657,-3.4357834
400,登录,noise,https://www.xianqin.org/blog/%e6%ac%a2%e8%bf%8e%e6%8a%95%e7%a8%bf,chinese,train,400,False,,-21.26207,-4.9290724
1,庚申卜古貞勿它于南庚羊用,kpt,https://inscription.asdc.sinica.edu.tw/c_index.php,chinese,validation,1,False,,-5.326071,-9.127278
3,貞Ｇ００７以芻不其五百惟六,kpt,https://inscription.asdc.sinica.edu.tw/c_index.php,chinese,validation,3,False,,-11.574872,-14.590318
5,貞侑于高妣己,kpt,https://inscription.asdc.sinica.edu.tw/c_index.php,chinese,validation,5,False,,-11.003406,-12.755017
9,可以折，敘（除）去（去）不義于四□……曰：姑（辜），利帚戈（侵）伐，可以攻城，可以聚眾，會者（諸）侯，型（刑）止首（首）事，,kpt,https://inscription.asdc.sinica.edu.tw/c_index.php,chinese,validation,9,False,,8.3399725,-17.785013
12,尚（常），□□上宎（妖），三寺（時）是行。惟惪（德）匿止（持）歲，三寺（時）□女（繼）之以素降。是月以婁，厂孖日（擬）為之□，隹（惟）□又（有）,kpt,https://inscription.asdc.sinica.edu.tw/c_index.php,chinese,validation,12,False,,9.830174,-12.783208
27,亓（其）君子道也，胃（謂）之不聖。見臤（賢）人而不智（知）亓（其）又（有）惪（德）也，胃（謂）之不智。,kpt,https://inscription.asdc.sinica.edu.tw/c_index.php,chinese,validation,27,False,,11.976041,-18.521528
28,〔行。智形〕於內胃（謂）之惪（德）之行，不型（形）於內胃（謂）之行。聖型（形）於內胃（謂）之惪（德）,kpt,https://inscription.asdc.sinica.edu.tw/c_index.php,chinese,validation,28,False,,13.029042,-18.08164
34,甲辰卜毓祖乙歲牢,kpt,https://inscription.asdc.sinica.edu.tw/c_index.php,chinese,validation,34,False,,-12.042344,-10.236537
41,癸丑卜爭貞旬無王囗占曰有祟有夢甲寅允有來女壴左告曰有往芻自Ｇ０１３十人又二,kpt,https://inscription.asdc.sinica.edu.tw/c_index.php,chinese,validation,41,False,,-4.9376183,-13.616117
47,五帀（師）宵倌之司敗告胃（謂）：邵行之夫（大夫）吟幸丮女（執）其倌人，新俈卜尹不為其言（察），不憖。,kpt,https://inscription.asdc.sinica.edu.tw/c_index.php,chinese,validation,47,False,,13.697448,-19.482628
52,段玉裁注：“一之形於六書為指事。”徐灝箋：“造字之初，先有數而後有文。一二三亖，畫如其數，是為指事，亦為象事也。”《漢語大字典》按：“古文字一至四橫畫表示數字一至四，是原始記數符號。＂,kde,https://xiaoxue.iis.sinica.edu.tw/yanbian?kaiOrder=1,chinese,validation,52,False,,-3.4859087,6.888918
65,林義光《文源》：“當為葉之古文，象莖及葉之形。草木之葉重累百疊，故引伸為世代之世。字亦作葉。”,kde,https://xiaoxue.iis.sinica.edu.tw/yanbian?kaiOrder=1,chinese,validation,65,False,,14.171421,9.988837
71,《漢語大字典》按：“牛字象形，祇像頭角形。＂,kde,https://xiaoxue.iis.sinica.edu.tw/yanbian?kaiOrder=1,chinese,validation,71,False,,7.933304,5.4532113
72,王筠據玄應改為“多木長皃也。”並注：“言多者，三木也；言長者，木出林上也。”,kde,https://xiaoxue.iis.sinica.edu.tw/yanbian?kaiOrder=1,chinese,validation,72,False,,15.747268,0.2448606
80,段玉裁注：“人及鳥生子曰乳。”,kde,https://xiaoxue.iis.sinica.edu.tw/yanbian?kaiOrder=1,chinese,validation,80,False,,14.629337,-2.1996908
83,段玉裁注：“籋口，故以廿象之；布翄，故以北象之；枝尾，與魚尾同，故以火象之。”,kde,https://xiaoxue.iis.sinica.edu.tw/yanbian?kaiOrder=1,chinese,validation,83,False,,13.618682,-1.6073393
99,《說文》：“里，居也。从田，从土。”,kde,https://xiaoxue.iis.sinica.edu.tw/yanbian?kaiOrder=1,chinese,validation,99,False,,14.723749,6.1011925
103,“昭穆”如果理解爲昭王、穆王，則有些不合情理，因爲其上還有成王、康王，且昭王、穆王與晉國世系無關。這裏“昭穆”指的應該是宗廟祭祀中按昭穆排序的晉國先公。,ksd,https://www.fdgwz.org.cn/Web/Show/13353,chinese,validation,103,False,,10.928805,-8.423884
116,現在據安大簡《哀誦》的用字習慣，回頭再看上博簡《李頌》的“倝冬之祁寒”，其中的“倝”字，也應讀為句首發語詞“蹇/謇”。“倝（蹇/謇）冬之祁寒”與本篇之簡1背“願歲之啟時”句法頗相類似。“倝（蹇/謇）冬之祁寒”即“冬之祁寒”，“倝（蹇/謇）”為發語詞，無實義,ksd,https://www.fdgwz.org.cn/Web/Show/13350,chinese,validation,116,False,,21.952093,9.929294
117,因與《緇衣》的文體不同，可能楚人在自己所創作的詩歌類的文學作品裏，襲用古書的語句自然會有異，實無足怪，所以沒有必要字字都與《緇衣》所引的《尚書·君牙》相對。,ksd,https://www.fdgwz.org.cn/Web/Show/13350,chinese,validation,117,False,,11.086928,22.600698
119,上博簡八《李頌》有下引文句：,ksd,https://www.fdgwz.org.cn/Web/Show/13350,chinese,validation,119,False,,20.7486,12.01559
120,安大簡三《哀誦》簡1有“玄玉以下席兮，P66#yIS2其在蒼梧”（釋文用寬式）語句，胡桃先生指出：,ksd,https://www.fdgwz.org.cn/Web/Show/13350,chinese,validation,120,False,,21.461664,10.404187
132,楚文字沒有明確從“厤”得聲的字，{歷}、{曆}等詞往往用“鬲”聲字表示，因此學界普遍認為這些字中的部件“厤”不是古音在錫部的那個“厤”，而是從其他形體省變來的。,ksd,https://www.fdgwz.org.cn/Web/Show/13365,chinese,validation,132,False,,11.044931,22.011005
144,“曾子”下字似“弔”，讀爲“叔”，再下字爲其私名，作器者應爲“曾子叔某”,ksd,https://www.fdgwz.org.cn/Web/Show/13360,chinese,validation,144,False,,-0.22415507,10.552555
154,出土文獻與古文字研究中心黨支部召開黨史學習教育專題組織生活會,noise,https://www.fdgwz.org.cn/Web/List/1,chinese,validation,154,False,,-20.36126,5.556306
156,[转载]迎来古文字专家裘锡圭的手稿、经济学家蒋学模的卡片箱——复旦档案馆获赠一批珍贵档案,noise,https://www.fdgwz.org.cn/Web/List/1?page=2,chinese,validation,156,False,,-24.09663,3.234362
167,本信息庫是復旦大學出土文獻與古文字研究中心古文字數字化計劃項目之一，中心主任劉釗老師在各方面給予了大力支持，蔣玉斌老師提供了學術指導，張傳官老師、任攀老師提供了諸多幫助，謹此一併致謝。,noise,https://www.fdgwz.org.cn/ZhuiHeLab/Home,chinese,validation,167,False,,-20.800983,10.573111
171,「小學堂文字學資料庫」由臺灣大學中國文學系、中央研究院歷史語言研究所、資訊科學研究所、數位文化中心共同開發，是一個形、音、義綜合的文字學資料庫，可提供使用者根據文字的形、音等屬性先檢索出字頭，再透過字頭連接到個別的形、音、義資料庫或字書索引。,noise,https://xiaoxue.iis.sinica.edu.tw/guide/,chinese,validation,171,False,,-19.371206,12.170977
172,本資料庫收錄的字形涵蓋甲骨文、金文、戰國文字、小篆及楷書，總數超過22萬字；收錄的聲韻資料涵蓋上古、中古、近代及現代，總數超過134萬筆； 收錄的字書索引資料則超過36萬筆。,noise,https://xiaoxue.iis.sinica.edu.tw/guide/,chinese,validation,172,False,,-13.862161,14.517645
177,檢索條件的文字方塊內按F1鍵，可快速取得操作指引。,noise,https://xiaoxue.iis.sinica.edu.tw/ccdb,chinese,validation,177,False,,-24.560642,-9.159109
178,漢字古今字資料庫使用簡介。,noise,https://xiaoxue.iis.sinica.edu.tw/ccdb,chinese,validation,178,False,,-18.756151,7.040179
180,資料庫所收音讀，其字於《廣韻》若有註為「俗」、「上同」、「亦同」、「古文」、「籀文」等異體者，該音讀亦收錄於各異體字之下，惟若字義與今義已有差別者則不收。,noise,https://xiaoxue.iis.sinica.edu.tw/ccr,chinese,validation,180,False,,2.3109295,16.987505
187,本資料庫所收語料忠實記錄了殷周到春秋、戰國時期曆法、官制、地理、戰爭、法律、土地買賣、賞賜、漁獵、祭祀、嫁娶、親屬稱謂、氏族標誌、國際關係等諸多問題，這些豐富的語文材料正能補充傳統文獻之不足。,noise,https://inscription.asdc.sinica.edu.tw/c_index.php,chinese,validation,187,False,,-11.953653,12.838298
196,古文字關係文獻資料庫(尚未完工),noise,https://inscription.asdc.sinica.edu.tw/c_index.php,chinese,validation,196,False,,-19.27612,6.7619615
199,兩書共約14000件青銅器資料，完整呈現每件青銅器的器影、銘文拓片、器名、時代、出土訊息、現藏地、流傳、尺寸、釋文及著錄等。,noise,https://inscription.asdc.sinica.edu.tw/c_index.php,chinese,validation,199,False,,-14.07737,9.365911
212,兮中（仲）乍（作）大（林）鐘，其用追孝于皇考己白（伯），用侃喜前。,kpt,https://inscription.asdc.sinica.edu.tw/c_index.php,chinese,validation,212,False,,2.51401,-7.9658327
228,凡竷日，不利（以）□□，利（以）為張罔（網）。,kpt,https://inscription.asdc.sinica.edu.tw/c_index.php,chinese,validation,228,False,,2.9011357,-19.809364
231,凡日，利（以）家（嫁）女、見人、王（佩）玉。,kpt,https://inscription.asdc.sinica.edu.tw/c_index.php,chinese,validation,231,False,,2.8618906,-19.936924
246,矢五秉。一韋弇，組綏，貧韋九欠。鳧旃；朱毛之首。革取敗，韋雍韋盾，顯（韅）、鞅貝告。䌛毛安，豻莫毛之毛。紫,kpt,https://inscription.asdc.sinica.edu.tw/c_index.php,chinese,validation,246,False,,0.9531496,-15.915111
248,齊紫之朋。,kpt,https://inscription.asdc.sinica.edu.tw/c_index.php,chinese,validation,248,False,,-10.67478,-7.0164485
259,文左字又表示輔助，是「佐」的初文，虢季子白盤：「是用左(佐)王，晉公盆：「左(佐)右(佑)武王」。,kde,https://humanum.arts.cuhk.edu.hk/Lexis/lexi-mf/oraclePiece.php?piece=%E5%B7%A6,chinese,validation,259,False,,8.820514,-7.3259964
260,古文字「人」象人側面垂手侍立形。本義是人。,kde,https://humanum.arts.cuhk.edu.hk/Lexis/lexi-mf/oraclePiece.php?piece=%E4%BA%BA,chinese,validation,260,False,,2.830702,3.1731896
276,甲金文從二「人」，象二人並排之形，會並列之意。,kde,https://humanum.arts.cuhk.edu.hk/Lexis/lexi-mf/oraclePiece.php?piece=%E4%BA%BA,chinese,validation,276,False,,3.6183598,4.646879
280,楊樹達、郭沫若、洪誠則認為「弔」、「叔」純粹是音近假借。,kde,https://humanum.arts.cuhk.edu.hk/Lexis/lexi-mf/oraclePiece.php?piece=%E4%BA%BA,chinese,validation,280,False,,5.359689,24.511309
283,「豚」在金文中亦用作人名。如豚卣：「豚乍(作)父庚宗彝」，「豚」是人名，表示豚鑄造了祭祀父庚的青銅器。,kde,https://humanum.arts.cuhk.edu.hk/Lexis/lexi-mf/oraclePiece.php?piece=%E8%82%89,chinese,validation,283,False,,8.436868,10.185763
288,「京」與「高」的形體相近，後來在「高」字下加「口」以作區別。,kde,https://humanum.arts.cuhk.edu.hk/Lexis/lexi-mf/oraclePiece.php?piece=%E4%BA%AC,chinese,validation,288,False,,3.9216485,8.562848
292,《玉篇．八部》：「分，施也；賦也；與也。」又是分數用詞，商鞅量：「積十六尊(寸)五分尊(寸)壹為升」，意為容積十六立方寸又五分之一立方寸為一升。,kde,https://humanum.arts.cuhk.edu.hk/Lexis/lexi-mf/oraclePiece.php?piece=%E5%88%86,chinese,validation,292,False,,19.88911,2.9629147
293,戰國竹簡表示職分、地位，郭店竹簡〈窮達以時〉簡1：「天人又(有)分」，表示天和人的職分有別。,kde,https://humanum.arts.cuhk.edu.hk/Lexis/lexi-mf/oraclePiece.php?piece=%E5%88%86,chinese,validation,293,False,,17.17504,12.553278
303,漢初古隸與秦文字一脈相承，亦已被附帶納入古文字研究，合起來即上文所述“秦與漢初文字研究”。,ksd,https://www.fdgwz.org.cn/Web/Show/11138,chinese,validation,303,False,,-7.2384143,11.378586
319,《書·秦誓》的“善諞言”，應指善於用便巧的言語對君上產生不好的影響。,ksd,https://www.fdgwz.org.cn/Web/Show/11019,chinese,validation,319,False,,25.881718,8.772898
325,二者疑同出一源，甚至前者很可能是根據後者改隸作篆而成。,ksd,https://www.fdgwz.org.cn/Web/Show/4663,chinese,validation,325,False,,3.0349221,11.466593
327,張富海在《漢人所謂古文之研究》一書結論中,ksd,https://www.fdgwz.org.cn/Web/Show/4663,chinese,validation,327,False,,7.47731,13.125899
341,嬭加編鐘銘文的“楚既為遊”，即謂楚國既為曾國的友邦，套用現在的話說，就是“兩國之間友好往來”。,ksd,https://www.fdgwz.org.cn/Web/Show/4568,chinese,validation,341,False,,19.669031,-9.922759
342,這幾句銘文大意是加嬭說：我是楚文王的子孫、楚穆王的長女，出嫁到曾國，不是我要給曾國帶來恥辱（此為自謙的說法），楚國既已為曾國的友好往來之邦，我才來到了曾國。,ksd,https://www.fdgwz.org.cn/Web/Show/4568,chinese,validation,342,False,,19.586754,-10.04876
347,丸字也见于郭店楚简《唐虞之道》：,ksd,https://www.fdgwz.org.cn/Web/Show/2545,chinese,validation,347,False,,14.63507,-6.498838
349,按：臤字所从的又，可以在食指上加圆点。,ksd,https://www.fdgwz.org.cn/Web/Show/2545,chinese,validation,349,False,,3.275831,-2.3362944
388,进群后，各位考生将备注修改为姓名-报考方向。后续综合考核具体通知将在QQ群内发布。,noise,https://gujisuo.jlu.edu.cn/info/1029/2928.htm,chinese,validation,388,False,,-27.63406,0.8208344
391,职务：所长,noise,https://gujisuo.jlu.edu.cn/jgsz/xrld.htm,chinese,validation,391,False,,-18.43956,-2.490303
396,二、本站固定作者，可以自助发表，请点击阅读以下指南,noise,https://www.xianqin.org/blog/%e6%ac%a2%e8%bf%8e%e6%8a%95%e7%a8%bf,chinese,validation,396,False,,-26.80046,-2.2473023
398,Copyright,noise,https://www.xianqin.org/blog/%e6%ac%a2%e8%bf%8e%e6%8a%95%e7%a8%bf,chinese,validation,398,False,,-17.805092,2.5618408
7,貞翌辛酉侑于,kpt,https://inscription.asdc.sinica.edu.tw/c_index.php,chinese,test,7,False,,-8.4573555,-10.073088
8,曰取（陬）。云則至，不可以□殺。壬子、丙子凶，乍（作）□北征，行止（率）又（有）咎，武于□其育。取（陬）于下。曰女（如）。,kpt,https://inscription.asdc.sinica.edu.tw/c_index.php,chinese,test,8,False,,7.595324,-18.895493
14,炎帝乃命祝融，以四神降，奠三天□，思（使）孚奠四亟（極），曰非九天則大血夭，則母（毋）敢睿天霝（靈）。帝夋（俊）乃,kpt,https://inscription.asdc.sinica.edu.tw/c_index.php,chinese,test,14,False,,8.980528,-20.81357
15,為日月之行。共攻（工）刳（跨）步，十日四時，□□神則閏，四□母（毋）思（使）。□神風雨，晨（辰）禕（緯）亂乍（作）。乃逆日月，以（轉）相,kpt,https://inscription.asdc.sinica.edu.tw/c_index.php,chinese,test,15,False,,8.5845785,-13.938335
23,克不敢彖（弛），尃（溥）奠王令。克敢對揚天子休，用乍（作）舟（朕）皇且（祖）考白（伯）寶（，林）鐘，用匄屯（純）叚（嘏）永令（命），克其萬年子子孫孫永寶。,kpt,https://inscription.asdc.sinica.edu.tw/c_index.php,chinese,test,23,False,,3.6316102,-9.269636
33,壬戌卜母壬歲惟小羊,kpt,https://inscription.asdc.sinica.edu.tw/c_index.php,chinese,test,33,False,,-12.672926,-9.141818
35,辛巳卜上甲燎大乙大丁大甲先,kpt,https://inscription.asdc.sinica.edu.tw/c_index.php,chinese,test,35,False,,-7.7054725,-13.299259
37,隹（唯）十月初吉丁亥，虢季乍（作）為耒耒犬鐘，其音弔鳥水隹，用義（宜）其家，用與其邦。虢季乍（作）寶，用（享）追孝于其皇考，用（祈）萬壽，用樂用（享），季氏受福無彊。,kpt,https://inscription.asdc.sinica.edu.tw/c_index.php,chinese,test,37,False,,2.413279,-10.874562
44,庚辰卜貞朕芻于鬥,kpt,https://inscription.asdc.sinica.edu.tw/c_index.php,chinese,test,44,False,,-7.8791685,-9.202745
48,复匚炎戈上連囂之還集（集）瘳（廖）族水（衍）一夫，凥（處）於复或（國,kpt,https://inscription.asdc.sinica.edu.tw/c_index.php,chinese,test,48,False,,2.1742508,-17.438837
53,《說文》：“草，草斗，櫟實也。一曰象斗子。从艸，早聲。”,kde,https://xiaoxue.iis.sinica.edu.tw/yanbian?kaiOrder=1,chinese,test,53,False,,13.5997095,4.305295
74,《說文》：“心，人心。土藏，在身之中。象形。博士說以為火藏。”,kde,https://xiaoxue.iis.sinica.edu.tw/yanbian?kaiOrder=1,chinese,test,74,False,,13.311794,2.8440704
88,《說文》：“舟，船也。古者共鼓、貨狄刳木為舟，剡木為楫，以濟不通。象形。”,kde,https://xiaoxue.iis.sinica.edu.tw/yanbian?kaiOrder=1,chinese,test,88,False,,10.793061,4.0908923
92,郭沫若《甲骨文字研究》：“（甲金文）均象一豎目之形。人首俯則目豎，所以‘象屈服之形’者，殆以此也。”,kde,https://xiaoxue.iis.sinica.edu.tw/yanbian?kaiOrder=1,chinese,test,92,False,,5.075474,2.6846414
101,嘼”，表示敵方首領一類意思，這種用法的“嘼”亦見於師簋（《集成》04313—04314）“即厥邦嘼，曰冄、曰、曰鈴、曰達”、小盂鼎（《集成》02839）“執嘼一人”等。學者們多據其傳統讀音與“獸”近而讀爲“酋”或“首”等。,ksd,https://www.fdgwz.org.cn/Web/Show/13353,chinese,test,101,False,,-0.100502044,-18.990734
102,“文武”指文王、武王。晉國始封君唐叔虞爲武王子，所以祭祀自文武始。《左傳·哀公二年》載衛太子在戰場上禱告：“曾孫蒯聵敢昭告皇祖文王、烈祖康叔、文祖襄公：……”衛國始封君衛康叔爲文王子、武王弟，所以其禱告自文王始而不及武王。,ksd,https://www.fdgwz.org.cn/Web/Show/13353,chinese,test,102,True,kde,10.260469,-7.7041883
111,又清華一《楚居》簡12“秦溪之上”不能讀為“乾溪之上”，李守奎先生在6月底清華國際會議論文已經指出了。復旦網王偉也有文章論述。,ksd,https://www.fdgwz.org.cn/Web/Show/13350,chinese,test,111,False,,12.994943,12.9872465
124,作为法律文书，简文往往特别注重案件的细枝末节，必会记载其出去的原因，但简文却没有记载。可见这样的作案情节明显不符合逻辑。,ksd,https://www.fdgwz.org.cn/Web/Show/13369,chinese,test,124,False,,16.43025,19.211994
136,辭例（2）中的“增歉”一詞，其義與“增減”、“增損”相近。,ksd,https://www.fdgwz.org.cn/Web/Show/13365,chinese,test,136,False,,18.986488,-3.1309261
138,沈培先生最近的講座把金文“蔑𤯍”之“𤯍”和“孴”系列字聯繫，認為都是“壓”的初文，最終也是從侯瑞華先生說，將《越公其事》中的這兩例“𡐰”讀為“斂”。,ksd,https://www.fdgwz.org.cn/Web/Show/13365,chinese,test,138,False,,11.360028,18.434616
158,“方寸萬象——中國古代璽印研究國際學術研討會”舉行,noise,https://www.fdgwz.org.cn/Web/Show_List/2/7,chinese,test,158,False,,-22.29524,8.001346
169,讀者姓名（實名或暱稱）,noise,https://www.fdgwz.org.cn/ZhuiHeLab/Home,chinese,test,169,False,,-18.839281,-12.904074
174,使用者操作本網站查詢介面所得之各解析度「字形圖 片」及字形屬性資訊，權利人特於此明示主張以CC0 1.0通用方式，在法律許可的範圍內，拋棄該字形圖片及字形屬性資訊依著作權法可得享有之權利，使用者當可安心再行利用該查詢字形圖片及字形屬性資訊。,noise,https://xiaoxue.iis.sinica.edu.tw/guide/,chinese,test,174,False,,-29.10763,-10.781819
185,另收錄《睡虎地秦墓竹簡》、《雲夢龍岡秦簡》、《上海博物館藏戰國楚竹書》1-7，提供全文檢索,noise,https://inscription.asdc.sinica.edu.tw/c_index.php,chinese,test,185,False,,-16.508625,11.598966
188,「先秦甲骨金文簡牘詞彙庫」分為詞彙檢索與全文檢索，收錄甲骨文、金文、簡牘三種文字材料，依詞類、材質做為搜尋條件，展示詞彙的詞性、時代、書目來源、釋文段落,noise,https://inscription.asdc.sinica.edu.tw/c_index.php,chinese,test,188,False,,-14.721092,13.332666
194,青銅器拓片數位典藏,noise,https://inscription.asdc.sinica.edu.tw/c_index.php,chinese,test,194,False,,-15.593786,5.970763
198,殷周青銅器地理資訊系統,noise,https://inscription.asdc.sinica.edu.tw/c_index.php,chinese,test,198,False,,-14.764128,6.180023
215,寅貞王北方惟伐令途方,kpt,https://inscription.asdc.sinica.edu.tw/c_index.php,chinese,test,215,False,,-7.185274,-8.35623
222,伐其七十羌,kpt,https://inscription.asdc.sinica.edu.tw/c_index.php,chinese,test,222,False,,-7.5739145,-7.6490407
223,癸卯貞惟先于大甲父丁,kpt,https://inscription.asdc.sinica.edu.tw/c_index.php,chinese,test,223,False,,-8.102745,-11.751191
245,韌。一旆，一戟，二盾戈、戈，屯雨豕犬曾羽。顯（韅）、鞅、紳，衡戹，削敗。䌛毛安，豻毛。金蔡貝告,kpt,https://inscription.asdc.sinica.edu.tw/c_index.php,chinese,test,245,False,,1.6496472,-16.576475
247,貂彔（綠）魚之箙，一貍莫毛之聶，一聶。二秦弓，絃貝告。矢，箙五,kpt,https://inscription.asdc.sinica.edu.tw/c_index.php,chinese,test,247,False,,0.12968114,-14.989025
252,「丑」、「爪」金文同形。「丑」後假借為干支字，而本義廢。參「爪」。,kde,https://humanum.arts.cuhk.edu.hk/Lexis/lexi-mf/oraclePiece.php?piece=%E4%B8%91,chinese,test,252,False,,1.3798971,6.458066
253,甲骨文從「女」，「丑」聲，用作地名，本義不詳。,kde,https://humanum.arts.cuhk.edu.hk/Lexis/lexi-mf/oraclePiece.php?piece=%E4%B8%91,chinese,test,253,False,,0.5028152,4.728251
258,甲金文用作方位詞，即左右之左。從胡塞爾現象學「定向零點」理論的角度看，「左」、「右」二字最早的古文字字形都是從人作為一觀察者角度下所見的自己的左手或右手。,kde,https://humanum.arts.cuhk.edu.hk/Lexis/lexi-mf/oraclePiece.php?piece=%E5%B7%A6,chinese,test,258,False,,4.4804144,3.8996725
261,「人」指人類，,kde,https://humanum.arts.cuhk.edu.hk/Lexis/lexi-mf/oraclePiece.php?piece=%E4%BA%BA,chinese,test,261,False,,-6.209385,-3.3058093
264,一說象人屈膝坐在地上(沈培),kde,https://humanum.arts.cuhk.edu.hk/Lexis/lexi-mf/oraclePiece.php?piece=%E4%BA%BA,chinese,test,264,False,,18.49494,0.481848
272,段玉裁注：「今變𠤎字盡作化，化行而𠤎廢矣。」「𠤎」或為「化」之省寫。,kde,https://humanum.arts.cuhk.edu.hk/Lexis/lexi-mf/oraclePiece.php?piece=%E4%BA%BA,chinese,test,272,False,,12.42987,-1.571116
275,戰國竹簡「化」讀為「禍」，指禍患。《郭店簡．老子甲》簡6：「化(禍)莫大乎不智(知)足。」「化」，《馬王堆．老子乙本》及王弼本《老子》作「禍」。,kde,https://humanum.arts.cuhk.edu.hk/Lexis/lexi-mf/oraclePiece.php?piece=%E4%BA%BA,chinese,test,275,False,,17.185104,12.5738
285,《廣雅．釋言》：「膏，澤也。」,kde,https://humanum.arts.cuhk.edu.hk/Lexis/lexi-mf/oraclePiece.php?piece=%E8%82%89,chinese,test,285,False,,23.51538,3.6954086
287,高大的樓臺引申又有大義，《爾雅．釋詁》：「京，大也。」,kde,https://humanum.arts.cuhk.edu.hk/Lexis/lexi-mf/oraclePiece.php?piece=%E4%BA%AC,chinese,test,287,False,,22.035564,-0.19921865
295,參見「乃」。後「扔」又用來表示丟掉、抛棄之意。,kde,https://humanum.arts.cuhk.edu.hk/Lexis/lexi-mf/oraclePiece.php?piece=%E4%B9%83,chinese,test,295,False,,17.679096,-3.1812425
299,孔穎達疏：「易之變化從乾坤而起，猶人之興動從門而出，故乾坤是易之門邪。」,kde,https://humanum.arts.cuhk.edu.hk/Lexis/lexi-mf/oraclePiece.php?piece=%E6%88%B6,chinese,test,299,False,,20.622963,5.6516705
305,之前的戰國文字研究，對構形變化的討論成果最爲豐富，相關認識可以説已經非常透徹深入。,ksd,https://www.fdgwz.org.cn/Web/Show/11138,chinese,test,305,False,,-6.833794,15.641499
306,k較爲集中的著録見吳硯君《盛世璽印録（修訂本）》（西泠印社出版社2021）,ksd,https://www.fdgwz.org.cn/Web/Show/11138,chinese,test,306,True,noise,-17.641153,9.537973
309,殷墟甲骨文研究，各類組卜辭皆已有專門論著加以整理討論。,ksd,https://www.fdgwz.org.cn/Web/Show/11138,chinese,test,309,False,,-10.66083,14.250236
318,下面對上引例子作一些解釋。,ksd,https://www.fdgwz.org.cn/Web/Show/11019,chinese,test,318,False,,-21.930227,-12.060252
320,當然，我們補出來的對有關對象所做的“事”大概也往往是不够全面的。,ksd,https://www.fdgwz.org.cn/Web/Show/11019,chinese,test,320,False,,24.713041,17.021053
323,上列那兩個??“詶”字的關係，學者有兩種不同理解。,ksd,https://www.fdgwz.org.cn/Web/Show/4663,chinese,test,323,False,,5.059124,14.097038
331,對於金文中的“粦”字，我們曾讚同李零先生的意見，讀為“戾”。為方便讀者起見，轉錄如下,ksd,https://www.fdgwz.org.cn/Web/Show/4633,chinese,test,331,False,,10.437595,15.011511
340,乖違邪僻和莊重嚴正正好反義對舉。,ksd,https://www.fdgwz.org.cn/Web/Show/4633,chinese,test,340,True,kpt,-7.0535426,-15.366841
346,丸与完双声叠韵。,ksd,https://www.fdgwz.org.cn/Web/Show/2545,chinese,test,346,True,kde,14.8168745,-6.296377
351,点击下载附件：1354裘锡圭：出土文献与古典学重建,noise,https://www.fdgwz.org.cn/Web/Show/2328,chinese,test,351,False,,-23.661932,2.180616
354,本文发布日期为2024年6月29日,noise,https://www.fdgwz.org.cn/Web/Show/11163,chinese,test,354,False,,-25.729029,0.73958856
359,字体大小：放大 缩小 原始字体,noise,https://www.fdgwz.org.cn/Web/Show/11138,chinese,test,359,False,,-24.641203,-6.6163125
361,学者评论,noise,https://www.fdgwz.org.cn/Web/Show/11138,chinese,test,361,False,,-21.368332,-2.6786437
364,2024年05月27日 更新,noise,https://www.fdgwz.org.cn/GuanLianHanQing/Home,chinese,test,364,False,,-24.883947,0.07569086
369,EPT59：845,noise,https://www.fdgwz.org.cn/GuanLianHanQing/Home,chinese,test,369,False,,-30.25362,-2.5217285
376,根据学校工作安排，现开展2025年度吉林大学校本应用专题研究项目（简称“校本项目”）申报工作，相关事宜通知如下：,noise,https://gujisuo.jlu.edu.cn/info/1011/2756.htm,chinese,test,376,False,,-28.759758,3.866234
386,（一）考核形式,noise,https://gujisuo.jlu.edu.cn/info/1029/2928.htm,chinese,test,386,False,,-20.89758,-8.017838
